workload_id,scenario,server,start_time,end_time,duration_hours
sp_00,scen_06,1,17,17,1
sp_00,scen_06,1,20,20,1
sp_00,scen_07,1,6,6,1
sp_00,scen_07,1,18,19,2
sp_01,scen_03,3,13,13,1
sp_01,scen_10,3,9,9,1
sp_01,scen_10,3,13,13,1
sp_01,scen_10,3,19,19,1
sp_01,scen_10,3,21,21,1
sp_02,scen_01,1,14,14,1
sp_02,scen_05,1,11,11,1
sp_02,scen_05,1,13,13,1
sp_02,scen_05,1,17,18,2
sp_03,scen_02,1,2,2,1
sp_03,scen_02,1,10,11,2
sp_03,scen_02,1,13,13,1
sp_03,scen_10,1,6,6,1
sp_03,scen_10,1,13,14,2
sp_03,scen_10,1,18,18,1
sp_04,scen_05,4,11,12,2
sp_04,scen_05,4,14,14,1
sp_04,scen_05,4,17,17,1
sp_04,scen_07,4,18,18,1
sp_05,scen_05,0,17,17,1
sp_05,scen_06,0,17,17,1
sp_06,scen_04,2,14,14,1
sp_06,scen_04,2,20,20,1
sp_06,scen_05,2,13,13,1
sp_07,scen_01,1,9,9,1
sp_07,scen_01,1,21,23,3
sp_07,scen_09,1,18,19,2
sp_07,scen_09,1,21,21,1
sp_08,scen_08,2,13,13,1
sp_08,scen_08,2,21,21,1
sp_08,scen_10,2,13,13,1
sp_08,scen_10,2,16,17,2
sp_08,scen_10,2,19,19,1
sp_09,scen_05,4,14,14,1
sp_09,scen_07,4,18,18,1
sp_10,scen_02,0,13,14,2
sp_10,scen_08,0,14,14,1
sp_11,scen_05,0,3,3,1
sp_11,scen_05,0,17,17,1
sp_11,scen_06,0,17,17,1
