workload_id,time,server
od_00,0,3
od_00,1,3
od_00,2,3
od_00,3,3
od_00,4,3
od_00,5,3
od_00,6,3
od_00,7,3
od_00,8,3
od_00,9,3
od_00,10,3
od_00,11,3
od_00,12,3
od_00,13,3
od_00,14,3
od_00,15,3
od_00,16,3
od_00,17,3
od_00,18,3
od_00,19,3
od_00,20,3
od_00,21,3
od_00,22,3
od_00,23,3
od_01,0,1
od_01,1,1
od_01,2,1
od_01,3,1
od_01,4,1
od_01,5,1
od_01,6,1
od_01,7,1
od_01,8,1
od_01,9,1
od_01,10,1
od_01,11,1
od_01,12,1
od_01,13,1
od_01,14,1
od_01,15,1
od_01,16,1
od_01,17,1
od_01,18,1
od_01,19,1
od_01,20,1
od_01,21,1
od_01,22,1
od_01,23,1
od_02,0,4
od_02,1,4
od_02,2,4
od_02,3,4
od_02,4,4
od_02,5,4
od_02,6,4
od_02,7,4
od_02,8,4
od_02,9,4
od_02,10,4
od_02,11,4
od_02,12,4
od_02,13,4
od_02,14,4
od_02,15,4
od_02,16,4
od_02,17,4
od_02,18,4
od_02,19,4
od_02,20,4
od_02,21,4
od_02,22,4
od_02,23,4
od_03,0,1
od_03,1,1
od_03,2,1
od_03,3,1
od_03,4,1
od_03,5,1
od_03,6,1
od_03,7,1
od_03,8,1
od_03,9,1
od_03,10,1
od_03,11,1
od_03,12,1
od_03,13,1
od_03,14,1
od_03,15,1
od_03,16,1
od_03,17,1
od_03,18,1
od_03,19,1
od_03,20,1
od_03,21,1
od_03,22,1
od_03,23,1
od_04,17,2
od_04,18,2
od_04,19,2
od_04,20,2
od_04,21,2
od_04,22,2
od_04,23,2
od_05,0,3
od_05,1,3
od_05,2,3
od_05,3,3
od_05,4,3
od_05,5,3
od_05,6,3
od_05,7,3
od_05,8,3
od_05,9,3
od_05,10,3
od_05,11,3
od_05,12,3
od_05,13,3
od_05,14,3
od_05,15,3
od_05,16,3
od_05,17,3
od_05,18,3
od_05,19,3
od_05,20,3
od_05,21,3
od_05,22,3
od_05,23,3
od_06,0,2
od_06,1,2
od_06,2,2
od_06,3,2
od_06,4,2
od_06,5,2
od_06,6,2
od_06,7,2
od_06,8,2
od_06,9,2
od_06,10,2
od_06,11,2
od_06,12,2
od_06,13,2
od_06,14,2
od_06,15,2
od_06,16,2
od_06,17,2
od_06,18,2
od_06,19,2
od_06,20,2
od_06,21,2
od_06,22,2
od_06,23,2
od_07,0,2
od_07,1,2
od_07,2,2
od_07,3,2
od_07,4,2
od_07,5,2
od_07,6,2
od_07,7,2
od_07,8,2
od_07,9,2
od_07,10,2
od_07,11,2
od_07,12,2
od_07,13,2
od_07,14,2
od_07,15,2
od_07,16,2
od_07,17,2
od_07,18,2
od_07,19,2
od_07,20,2
od_07,21,2
od_07,22,2
od_07,23,2
od_08,0,1
od_08,1,1
od_08,2,1
od_08,3,1
od_08,4,1
od_08,5,1
od_08,6,1
od_08,7,1
od_08,8,1
od_08,9,1
od_08,10,1
od_08,11,1
od_08,12,1
od_08,13,1
od_08,14,1
od_08,15,1
od_08,16,1
od_08,17,1
od_08,18,1
od_08,19,1
od_08,20,1
od_08,21,1
od_08,22,1
od_08,23,1
od_09,0,1
od_09,1,1
od_09,2,1
od_09,3,1
od_09,4,1
od_09,5,1
od_09,6,1
od_09,7,1
od_09,8,1
od_09,9,1
od_09,10,1
od_09,11,1
od_09,12,1
od_09,13,1
od_09,14,1
od_09,15,1
od_09,16,1
od_09,17,1
od_09,18,1
od_09,19,1
od_09,20,1
od_09,21,1
od_09,22,1
od_09,23,1
od_10,0,1
od_10,1,1
od_10,2,1
od_10,3,1
od_10,4,1
od_10,5,1
od_10,6,1
od_10,7,1
od_10,8,1
od_10,9,1
od_10,10,1
od_10,11,1
od_10,12,1
od_10,13,1
od_10,14,1
od_10,15,1
od_10,16,1
od_10,17,1
od_10,18,1
od_10,19,1
od_10,20,1
od_10,21,1
od_10,22,1
od_10,23,1
od_11,0,3
od_11,1,3
od_11,2,3
od_11,3,3
od_11,4,3
od_11,5,3
od_11,6,3
od_11,7,3
od_11,8,3
od_11,9,3
od_11,10,3
od_11,11,3
od_11,12,3
od_11,13,3
od_11,14,3
od_11,15,3
od_11,16,3
od_11,17,3
od_11,18,3
od_11,19,3
od_11,20,3
od_11,21,3
od_11,22,3
od_11,23,3
od_12,0,0
od_12,1,0
od_12,2,0
od_12,3,0
od_12,4,0
od_12,5,0
od_12,6,0
od_12,7,0
od_12,8,0
od_12,9,0
od_12,10,0
od_12,11,0
od_12,12,0
od_12,13,0
od_12,14,0
od_12,15,0
od_12,16,0
od_12,17,0
od_12,18,0
od_12,19,0
od_12,20,0
od_12,21,0
od_12,22,0
od_12,23,0
od_13,0,2
od_13,1,2
od_13,2,2
od_13,3,2
od_13,4,2
od_13,5,2
od_13,6,2
od_13,7,2
od_13,8,2
od_13,9,2
od_13,10,2
od_13,11,2
od_13,12,2
od_13,13,2
od_13,14,2
od_13,15,2
od_13,16,2
od_13,17,2
od_13,18,2
od_13,19,2
od_13,20,2
od_13,21,2
od_13,22,2
od_13,23,2
