workload_id,scenario,time,server,active,suspended
sp_00,scen_01,0,0,1,0
sp_00,scen_01,1,0,1,0
sp_00,scen_01,2,0,1,0
sp_00,scen_01,3,0,1,0
sp_00,scen_01,4,0,1,0
sp_00,scen_01,5,0,1,0
sp_00,scen_01,6,0,1,0
sp_00,scen_01,7,0,1,0
sp_00,scen_01,8,0,1,0
sp_00,scen_01,9,0,1,0
sp_00,scen_01,10,0,1,0
sp_00,scen_01,11,0,1,0
sp_00,scen_01,12,0,1,0
sp_00,scen_01,13,0,1,0
sp_00,scen_01,14,0,1,0
sp_00,scen_01,15,0,1,0
sp_00,scen_01,16,0,1,0
sp_00,scen_01,17,0,1,0
sp_00,scen_01,18,0,1,0
sp_00,scen_01,19,0,1,0
sp_00,scen_01,20,0,1,0
sp_00,scen_01,21,0,1,0
sp_00,scen_01,22,0,1,0
sp_00,scen_01,23,0,1,0
sp_01,scen_01,0,2,1,0
sp_01,scen_01,1,2,1,0
sp_01,scen_01,2,2,1,0
sp_01,scen_01,3,2,1,0
sp_01,scen_01,4,2,1,0
sp_01,scen_01,5,2,1,0
sp_01,scen_01,6,2,1,0
sp_01,scen_01,7,2,1,0
sp_01,scen_01,8,2,1,0
sp_01,scen_01,9,2,1,0
sp_01,scen_01,10,2,1,0
sp_01,scen_01,11,2,1,0
sp_01,scen_01,12,2,1,0
sp_01,scen_01,13,2,1,0
sp_01,scen_01,14,2,1,0
sp_01,scen_01,15,2,1,0
sp_01,scen_01,16,2,1,0
sp_01,scen_01,17,2,1,0
sp_01,scen_01,18,2,1,0
sp_01,scen_01,19,2,1,0
sp_01,scen_01,20,2,1,0
sp_01,scen_01,21,2,1,0
sp_01,scen_01,22,2,1,0
sp_01,scen_01,23,2,1,0
sp_02,scen_01,0,0,1,0
sp_02,scen_01,1,0,1,0
sp_02,scen_01,2,0,1,0
sp_02,scen_01,3,0,1,0
sp_02,scen_01,4,0,1,0
sp_02,scen_01,5,0,1,0
sp_02,scen_01,6,0,1,0
sp_02,scen_01,7,0,1,0
sp_02,scen_01,8,0,1,0
sp_02,scen_01,9,0,1,0
sp_02,scen_01,10,0,1,0
sp_02,scen_01,11,0,1,0
sp_02,scen_01,12,0,1,0
sp_02,scen_01,13,0,1,0
sp_02,scen_01,14,0,0,1
sp_02,scen_01,15,0,1,0
sp_02,scen_01,16,0,0,1
sp_02,scen_01,17,0,1,0
sp_02,scen_01,18,0,1,0
sp_02,scen_01,19,0,0,1
sp_02,scen_01,20,0,1,0
sp_02,scen_01,21,0,1,0
sp_02,scen_01,22,0,1,0
sp_02,scen_01,23,0,1,0
sp_03,scen_01,0,3,1,0
sp_03,scen_01,1,3,1,0
sp_03,scen_01,2,3,1,0
sp_03,scen_01,3,3,1,0
sp_03,scen_01,4,3,1,0
sp_03,scen_01,5,3,1,0
sp_03,scen_01,6,3,1,0
sp_03,scen_01,7,3,1,0
sp_03,scen_01,8,3,1,0
sp_03,scen_01,9,3,1,0
sp_03,scen_01,10,3,1,0
sp_03,scen_01,11,3,1,0
sp_03,scen_01,12,3,1,0
sp_03,scen_01,13,3,1,0
sp_03,scen_01,14,3,1,0
sp_03,scen_01,15,3,1,0
sp_03,scen_01,16,3,1,0
sp_03,scen_01,17,3,1,0
sp_03,scen_01,18,3,1,0
sp_03,scen_01,19,3,1,0
sp_03,scen_01,20,3,1,0
sp_03,scen_01,21,3,1,0
sp_03,scen_01,22,3,1,0
sp_03,scen_01,23,3,1,0
sp_04,scen_01,0,0,1,0
sp_04,scen_01,1,0,1,0
sp_04,scen_01,2,0,1,0
sp_04,scen_01,3,0,1,0
sp_04,scen_01,4,0,1,0
sp_04,scen_01,5,0,1,0
sp_04,scen_01,6,0,1,0
sp_04,scen_01,7,0,1,0
sp_04,scen_01,8,0,1,0
sp_04,scen_01,9,0,1,0
sp_04,scen_01,10,0,1,0
sp_04,scen_01,11,0,1,0
sp_04,scen_01,12,0,1,0
sp_04,scen_01,13,0,1,0
sp_04,scen_01,14,0,1,0
sp_04,scen_01,15,0,1,0
sp_04,scen_01,16,0,1,0
sp_04,scen_01,17,0,1,0
sp_04,scen_01,18,0,1,0
sp_04,scen_01,19,0,1,0
sp_04,scen_01,20,0,1,0
sp_04,scen_01,21,0,1,0
sp_04,scen_01,22,0,1,0
sp_04,scen_01,23,0,1,0
sp_05,scen_01,0,3,1,0
sp_05,scen_01,1,3,1,0
sp_05,scen_01,2,3,1,0
sp_05,scen_01,3,3,1,0
sp_05,scen_01,4,3,1,0
sp_05,scen_01,5,3,1,0
sp_05,scen_01,6,3,1,0
sp_05,scen_01,7,3,1,0
sp_05,scen_01,8,3,1,0
sp_05,scen_01,9,3,1,0
sp_05,scen_01,10,3,1,0
sp_05,scen_01,11,3,1,0
sp_05,scen_01,12,3,1,0
sp_05,scen_01,13,3,1,0
sp_05,scen_01,14,3,1,0
sp_05,scen_01,15,3,1,0
sp_05,scen_01,16,3,1,0
sp_05,scen_01,17,3,1,0
sp_05,scen_01,18,3,1,0
sp_05,scen_01,19,3,1,0
sp_05,scen_01,20,3,1,0
sp_05,scen_01,21,3,1,0
sp_05,scen_01,22,3,1,0
sp_05,scen_01,23,3,1,0
sp_06,scen_01,0,4,1,0
sp_06,scen_01,1,4,1,0
sp_06,scen_01,2,4,1,0
sp_06,scen_01,3,4,1,0
sp_06,scen_01,4,4,1,0
sp_06,scen_01,5,4,1,0
sp_06,scen_01,6,4,1,0
sp_06,scen_01,7,4,1,0
sp_06,scen_01,8,4,1,0
sp_06,scen_01,9,4,1,0
sp_06,scen_01,10,4,1,0
sp_06,scen_01,11,4,1,0
sp_06,scen_01,12,4,1,0
sp_06,scen_01,13,4,1,0
sp_06,scen_01,14,4,1,0
sp_06,scen_01,15,4,1,0
sp_06,scen_01,16,4,1,0
sp_06,scen_01,17,4,1,0
sp_06,scen_01,18,4,1,0
sp_06,scen_01,19,4,1,0
sp_06,scen_01,20,4,1,0
sp_06,scen_01,21,4,1,0
sp_06,scen_01,22,4,1,0
sp_06,scen_01,23,4,1,0
sp_07,scen_01,0,3,1,0
sp_07,scen_01,1,3,1,0
sp_07,scen_01,2,3,1,0
sp_07,scen_01,3,3,1,0
sp_07,scen_01,4,3,1,0
sp_07,scen_01,5,3,1,0
sp_07,scen_01,6,3,1,0
sp_07,scen_01,7,3,1,0
sp_07,scen_01,8,3,1,0
sp_07,scen_01,9,3,1,0
sp_07,scen_01,10,3,1,0
sp_07,scen_01,11,3,1,0
sp_07,scen_01,12,3,1,0
sp_07,scen_01,13,3,1,0
sp_07,scen_01,14,3,1,0
sp_07,scen_01,15,3,1,0
sp_07,scen_01,16,3,1,0
sp_07,scen_01,17,3,1,0
sp_07,scen_01,18,3,1,0
sp_07,scen_01,19,3,1,0
sp_07,scen_01,20,3,1,0
sp_07,scen_01,21,3,1,0
sp_07,scen_01,22,3,1,0
sp_07,scen_01,23,3,1,0
sp_08,scen_01,0,1,1,0
sp_08,scen_01,1,1,1,0
sp_08,scen_01,2,1,1,0
sp_08,scen_01,3,1,1,0
sp_08,scen_01,4,1,1,0
sp_08,scen_01,5,1,1,0
sp_08,scen_01,6,1,1,0
sp_08,scen_01,7,1,1,0
sp_08,scen_01,8,1,1,0
sp_08,scen_01,9,1,1,0
sp_08,scen_01,10,1,1,0
sp_08,scen_01,11,1,1,0
sp_08,scen_01,12,1,1,0
sp_08,scen_01,13,1,1,0
sp_08,scen_01,14,1,1,0
sp_08,scen_01,15,1,1,0
sp_08,scen_01,16,1,1,0
sp_08,scen_01,17,1,1,0
sp_08,scen_01,18,1,1,0
sp_08,scen_01,19,1,1,0
sp_08,scen_01,20,1,1,0
sp_08,scen_01,21,1,1,0
sp_08,scen_01,22,1,1,0
sp_08,scen_01,23,1,1,0
sp_09,scen_01,0,1,1,0
sp_09,scen_01,1,1,1,0
sp_09,scen_01,2,1,1,0
sp_09,scen_01,3,1,1,0
sp_09,scen_01,4,1,1,0
sp_09,scen_01,5,1,1,0
sp_09,scen_01,6,1,1,0
sp_09,scen_01,7,1,1,0
sp_09,scen_01,8,1,0,1
sp_09,scen_01,9,1,1,0
sp_09,scen_01,10,1,1,0
sp_09,scen_01,11,1,1,0
sp_09,scen_01,12,1,0,1
sp_09,scen_01,13,1,1,0
sp_09,scen_01,14,1,1,0
sp_09,scen_01,15,1,1,0
sp_09,scen_01,16,1,1,0
sp_09,scen_01,17,1,1,0
sp_09,scen_01,18,1,0,1
sp_09,scen_01,19,1,1,0
sp_09,scen_01,20,1,1,0
sp_09,scen_01,21,1,1,0
sp_09,scen_01,22,1,1,0
sp_09,scen_01,23,1,1,0
sp_10,scen_01,0,1,1,0
sp_10,scen_01,1,1,1,0
sp_10,scen_01,2,1,1,0
sp_10,scen_01,3,1,1,0
sp_10,scen_01,4,1,1,0
sp_10,scen_01,5,1,1,0
sp_10,scen_01,6,1,1,0
sp_10,scen_01,7,1,1,0
sp_10,scen_01,8,1,1,0
sp_10,scen_01,9,1,1,0
sp_10,scen_01,10,1,1,0
sp_10,scen_01,11,1,1,0
sp_10,scen_01,12,1,1,0
sp_10,scen_01,13,1,1,0
sp_10,scen_01,14,1,1,0
sp_10,scen_01,15,1,1,0
sp_10,scen_01,16,1,1,0
sp_10,scen_01,17,1,1,0
sp_10,scen_01,18,1,1,0
sp_10,scen_01,19,1,1,0
sp_10,scen_01,20,1,1,0
sp_10,scen_01,21,1,1,0
sp_10,scen_01,22,1,1,0
sp_10,scen_01,23,1,1,0
sp_11,scen_01,0,0,1,0
sp_11,scen_01,1,0,1,0
sp_11,scen_01,2,0,1,0
sp_11,scen_01,3,0,1,0
sp_11,scen_01,4,0,1,0
sp_11,scen_01,5,0,1,0
sp_11,scen_01,6,0,1,0
sp_11,scen_01,7,0,1,0
sp_11,scen_01,8,0,1,0
sp_11,scen_01,9,0,1,0
sp_11,scen_01,10,0,1,0
sp_11,scen_01,11,0,1,0
sp_11,scen_01,12,0,1,0
sp_11,scen_01,13,0,1,0
sp_11,scen_01,14,0,1,0
sp_11,scen_01,15,0,1,0
sp_11,scen_01,16,0,1,0
sp_11,scen_01,17,0,1,0
sp_11,scen_01,18,0,1,0
sp_11,scen_01,19,0,1,0
sp_11,scen_01,20,0,1,0
sp_11,scen_01,21,0,1,0
sp_11,scen_01,22,0,1,0
sp_11,scen_01,23,0,1,0
sp_00,scen_02,0,0,1,0
sp_00,scen_02,1,0,1,0
sp_00,scen_02,2,0,1,0
sp_00,scen_02,3,0,1,0
sp_00,scen_02,4,0,1,0
sp_00,scen_02,5,0,1,0
sp_00,scen_02,6,0,1,0
sp_00,scen_02,7,0,0,1
sp_00,scen_02,8,0,1,0
sp_00,scen_02,9,0,1,0
sp_00,scen_02,10,0,1,0
sp_00,scen_02,11,0,1,0
sp_00,scen_02,12,0,1,0
sp_00,scen_02,13,0,1,0
sp_00,scen_02,14,0,1,0
sp_00,scen_02,15,0,1,0
sp_00,scen_02,16,0,1,0
sp_00,scen_02,17,0,0,1
sp_00,scen_02,18,0,1,0
sp_00,scen_02,19,0,1,0
sp_00,scen_02,20,0,1,0
sp_00,scen_02,21,0,1,0
sp_00,scen_02,22,0,1,0
sp_00,scen_02,23,0,1,0
sp_01,scen_02,0,2,1,0
sp_01,scen_02,1,2,1,0
sp_01,scen_02,2,2,1,0
sp_01,scen_02,3,2,1,0
sp_01,scen_02,4,2,1,0
sp_01,scen_02,5,2,1,0
sp_01,scen_02,6,2,1,0
sp_01,scen_02,7,2,1,0
sp_01,scen_02,8,2,1,0
sp_01,scen_02,9,2,1,0
sp_01,scen_02,10,2,1,0
sp_01,scen_02,11,2,1,0
sp_01,scen_02,12,2,1,0
sp_01,scen_02,13,2,1,0
sp_01,scen_02,14,2,1,0
sp_01,scen_02,15,2,1,0
sp_01,scen_02,16,2,1,0
sp_01,scen_02,17,2,1,0
sp_01,scen_02,18,2,1,0
sp_01,scen_02,19,2,1,0
sp_01,scen_02,20,2,1,0
sp_01,scen_02,21,2,1,0
sp_01,scen_02,22,2,1,0
sp_01,scen_02,23,2,1,0
sp_02,scen_02,0,0,1,0
sp_02,scen_02,1,0,1,0
sp_02,scen_02,2,0,1,0
sp_02,scen_02,3,0,1,0
sp_02,scen_02,4,0,1,0
sp_02,scen_02,5,0,1,0
sp_02,scen_02,6,0,1,0
sp_02,scen_02,7,0,1,0
sp_02,scen_02,8,0,1,0
sp_02,scen_02,9,0,1,0
sp_02,scen_02,10,0,1,0
sp_02,scen_02,11,0,1,0
sp_02,scen_02,12,0,1,0
sp_02,scen_02,13,0,1,0
sp_02,scen_02,14,0,1,0
sp_02,scen_02,15,0,1,0
sp_02,scen_02,16,0,1,0
sp_02,scen_02,17,0,1,0
sp_02,scen_02,18,0,1,0
sp_02,scen_02,19,0,1,0
sp_02,scen_02,20,0,1,0
sp_02,scen_02,21,0,1,0
sp_02,scen_02,22,0,1,0
sp_02,scen_02,23,0,1,0
sp_03,scen_02,0,3,1,0
sp_03,scen_02,1,3,1,0
sp_03,scen_02,2,3,1,0
sp_03,scen_02,3,3,1,0
sp_03,scen_02,4,3,1,0
sp_03,scen_02,5,3,1,0
sp_03,scen_02,6,3,1,0
sp_03,scen_02,7,3,1,0
sp_03,scen_02,8,3,1,0
sp_03,scen_02,9,3,1,0
sp_03,scen_02,10,3,1,0
sp_03,scen_02,11,3,1,0
sp_03,scen_02,12,3,1,0
sp_03,scen_02,13,3,1,0
sp_03,scen_02,14,3,1,0
sp_03,scen_02,15,3,1,0
sp_03,scen_02,16,3,1,0
sp_03,scen_02,17,3,1,0
sp_03,scen_02,18,3,1,0
sp_03,scen_02,19,3,1,0
sp_03,scen_02,20,3,1,0
sp_03,scen_02,21,3,1,0
sp_03,scen_02,22,3,1,0
sp_03,scen_02,23,3,1,0
sp_04,scen_02,0,0,1,0
sp_04,scen_02,1,0,1,0
sp_04,scen_02,2,0,1,0
sp_04,scen_02,3,0,1,0
sp_04,scen_02,4,0,1,0
sp_04,scen_02,5,0,1,0
sp_04,scen_02,6,0,1,0
sp_04,scen_02,7,0,1,0
sp_04,scen_02,8,0,1,0
sp_04,scen_02,9,0,1,0
sp_04,scen_02,10,0,1,0
sp_04,scen_02,11,0,1,0
sp_04,scen_02,12,0,1,0
sp_04,scen_02,13,0,1,0
sp_04,scen_02,14,0,1,0
sp_04,scen_02,15,0,1,0
sp_04,scen_02,16,0,1,0
sp_04,scen_02,17,0,1,0
sp_04,scen_02,18,0,1,0
sp_04,scen_02,19,0,1,0
sp_04,scen_02,20,0,1,0
sp_04,scen_02,21,0,1,0
sp_04,scen_02,22,0,1,0
sp_04,scen_02,23,0,1,0
sp_05,scen_02,0,3,1,0
sp_05,scen_02,1,3,1,0
sp_05,scen_02,2,3,1,0
sp_05,scen_02,3,3,1,0
sp_05,scen_02,4,3,1,0
sp_05,scen_02,5,3,1,0
sp_05,scen_02,6,3,1,0
sp_05,scen_02,7,3,1,0
sp_05,scen_02,8,3,1,0
sp_05,scen_02,9,3,1,0
sp_05,scen_02,10,3,1,0
sp_05,scen_02,11,3,1,0
sp_05,scen_02,12,3,1,0
sp_05,scen_02,13,3,1,0
sp_05,scen_02,14,3,1,0
sp_05,scen_02,15,3,1,0
sp_05,scen_02,16,3,1,0
sp_05,scen_02,17,3,1,0
sp_05,scen_02,18,3,1,0
sp_05,scen_02,19,3,1,0
sp_05,scen_02,20,3,1,0
sp_05,scen_02,21,3,1,0
sp_05,scen_02,22,3,1,0
sp_05,scen_02,23,3,1,0
sp_06,scen_02,0,4,1,0
sp_06,scen_02,1,4,1,0
sp_06,scen_02,2,4,1,0
sp_06,scen_02,3,4,1,0
sp_06,scen_02,4,4,1,0
sp_06,scen_02,5,4,1,0
sp_06,scen_02,6,4,1,0
sp_06,scen_02,7,4,1,0
sp_06,scen_02,8,4,1,0
sp_06,scen_02,9,4,1,0
sp_06,scen_02,10,4,1,0
sp_06,scen_02,11,4,1,0
sp_06,scen_02,12,4,1,0
sp_06,scen_02,13,4,1,0
sp_06,scen_02,14,4,1,0
sp_06,scen_02,15,4,1,0
sp_06,scen_02,16,4,1,0
sp_06,scen_02,17,4,1,0
sp_06,scen_02,18,4,1,0
sp_06,scen_02,19,4,1,0
sp_06,scen_02,20,4,1,0
sp_06,scen_02,21,4,1,0
sp_06,scen_02,22,4,1,0
sp_06,scen_02,23,4,1,0
sp_07,scen_02,0,3,1,0
sp_07,scen_02,1,3,1,0
sp_07,scen_02,2,3,1,0
sp_07,scen_02,3,3,1,0
sp_07,scen_02,4,3,1,0
sp_07,scen_02,5,3,1,0
sp_07,scen_02,6,3,1,0
sp_07,scen_02,7,3,1,0
sp_07,scen_02,8,3,1,0
sp_07,scen_02,9,3,1,0
sp_07,scen_02,10,3,1,0
sp_07,scen_02,11,3,1,0
sp_07,scen_02,12,3,1,0
sp_07,scen_02,13,3,1,0
sp_07,scen_02,14,3,1,0
sp_07,scen_02,15,3,1,0
sp_07,scen_02,16,3,1,0
sp_07,scen_02,17,3,1,0
sp_07,scen_02,18,3,1,0
sp_07,scen_02,19,3,1,0
sp_07,scen_02,20,3,1,0
sp_07,scen_02,21,3,1,0
sp_07,scen_02,22,3,1,0
sp_07,scen_02,23,3,1,0
sp_08,scen_02,0,1,1,0
sp_08,scen_02,1,1,1,0
sp_08,scen_02,2,1,1,0
sp_08,scen_02,3,1,0,1
sp_08,scen_02,4,1,1,0
sp_08,scen_02,5,1,1,0
sp_08,scen_02,6,1,1,0
sp_08,scen_02,7,1,1,0
sp_08,scen_02,8,1,1,0
sp_08,scen_02,9,1,1,0
sp_08,scen_02,10,1,1,0
sp_08,scen_02,11,1,0,1
sp_08,scen_02,12,1,1,0
sp_08,scen_02,13,1,1,0
sp_08,scen_02,14,1,1,0
sp_08,scen_02,15,1,1,0
sp_08,scen_02,16,1,0,1
sp_08,scen_02,17,1,1,0
sp_08,scen_02,18,1,0,1
sp_08,scen_02,19,1,1,0
sp_08,scen_02,20,1,1,0
sp_08,scen_02,21,1,1,0
sp_08,scen_02,22,1,1,0
sp_08,scen_02,23,1,1,0
sp_09,scen_02,0,1,1,0
sp_09,scen_02,1,1,1,0
sp_09,scen_02,2,1,1,0
sp_09,scen_02,3,1,1,0
sp_09,scen_02,4,1,1,0
sp_09,scen_02,5,1,1,0
sp_09,scen_02,6,1,1,0
sp_09,scen_02,7,1,1,0
sp_09,scen_02,8,1,1,0
sp_09,scen_02,9,1,1,0
sp_09,scen_02,10,1,1,0
sp_09,scen_02,11,1,1,0
sp_09,scen_02,12,1,1,0
sp_09,scen_02,13,1,1,0
sp_09,scen_02,14,1,1,0
sp_09,scen_02,15,1,1,0
sp_09,scen_02,16,1,1,0
sp_09,scen_02,17,1,1,0
sp_09,scen_02,18,1,1,0
sp_09,scen_02,19,1,1,0
sp_09,scen_02,20,1,1,0
sp_09,scen_02,21,1,1,0
sp_09,scen_02,22,1,1,0
sp_09,scen_02,23,1,1,0
sp_10,scen_02,0,1,1,0
sp_10,scen_02,1,1,1,0
sp_10,scen_02,2,1,1,0
sp_10,scen_02,3,1,1,0
sp_10,scen_02,4,1,1,0
sp_10,scen_02,5,1,1,0
sp_10,scen_02,6,1,1,0
sp_10,scen_02,7,1,1,0
sp_10,scen_02,8,1,1,0
sp_10,scen_02,9,1,1,0
sp_10,scen_02,10,1,1,0
sp_10,scen_02,11,1,1,0
sp_10,scen_02,12,1,1,0
sp_10,scen_02,13,1,1,0
sp_10,scen_02,14,1,1,0
sp_10,scen_02,15,1,1,0
sp_10,scen_02,16,1,1,0
sp_10,scen_02,17,1,1,0
sp_10,scen_02,18,1,1,0
sp_10,scen_02,19,1,1,0
sp_10,scen_02,20,1,1,0
sp_10,scen_02,21,1,1,0
sp_10,scen_02,22,1,1,0
sp_10,scen_02,23,1,1,0
sp_11,scen_02,0,0,1,0
sp_11,scen_02,1,0,1,0
sp_11,scen_02,2,0,1,0
sp_11,scen_02,3,0,1,0
sp_11,scen_02,4,0,1,0
sp_11,scen_02,5,0,1,0
sp_11,scen_02,6,0,1,0
sp_11,scen_02,7,0,1,0
sp_11,scen_02,8,0,1,0
sp_11,scen_02,9,0,1,0
sp_11,scen_02,10,0,1,0
sp_11,scen_02,11,0,1,0
sp_11,scen_02,12,0,1,0
sp_11,scen_02,13,0,1,0
sp_11,scen_02,14,0,0,1
sp_11,scen_02,15,0,0,1
sp_11,scen_02,16,0,1,0
sp_11,scen_02,17,0,1,0
sp_11,scen_02,18,0,1,0
sp_11,scen_02,19,0,1,0
sp_11,scen_02,20,0,1,0
sp_11,scen_02,21,0,1,0
sp_11,scen_02,22,0,1,0
sp_11,scen_02,23,0,1,0
sp_00,scen_03,0,0,1,0
sp_00,scen_03,1,0,1,0
sp_00,scen_03,2,0,1,0
sp_00,scen_03,3,0,1,0
sp_00,scen_03,4,0,1,0
sp_00,scen_03,5,0,1,0
sp_00,scen_03,6,0,1,0
sp_00,scen_03,7,0,1,0
sp_00,scen_03,8,0,1,0
sp_00,scen_03,9,0,1,0
sp_00,scen_03,10,0,1,0
sp_00,scen_03,11,0,1,0
sp_00,scen_03,12,0,1,0
sp_00,scen_03,13,0,1,0
sp_00,scen_03,14,0,1,0
sp_00,scen_03,15,0,1,0
sp_00,scen_03,16,0,1,0
sp_00,scen_03,17,0,1,0
sp_00,scen_03,18,0,1,0
sp_00,scen_03,19,0,1,0
sp_00,scen_03,20,0,1,0
sp_00,scen_03,21,0,1,0
sp_00,scen_03,22,0,1,0
sp_00,scen_03,23,0,1,0
sp_01,scen_03,0,2,1,0
sp_01,scen_03,1,2,1,0
sp_01,scen_03,2,2,1,0
sp_01,scen_03,3,2,1,0
sp_01,scen_03,4,2,1,0
sp_01,scen_03,5,2,1,0
sp_01,scen_03,6,2,1,0
sp_01,scen_03,7,2,1,0
sp_01,scen_03,8,2,1,0
sp_01,scen_03,9,2,1,0
sp_01,scen_03,10,2,1,0
sp_01,scen_03,11,2,1,0
sp_01,scen_03,12,2,1,0
sp_01,scen_03,13,2,1,0
sp_01,scen_03,14,2,1,0
sp_01,scen_03,15,2,1,0
sp_01,scen_03,16,2,1,0
sp_01,scen_03,17,2,1,0
sp_01,scen_03,18,2,1,0
sp_01,scen_03,19,2,1,0
sp_01,scen_03,20,2,1,0
sp_01,scen_03,21,2,1,0
sp_01,scen_03,22,2,1,0
sp_01,scen_03,23,2,1,0
sp_02,scen_03,0,0,1,0
sp_02,scen_03,1,0,1,0
sp_02,scen_03,2,0,1,0
sp_02,scen_03,3,0,1,0
sp_02,scen_03,4,0,1,0
sp_02,scen_03,5,0,1,0
sp_02,scen_03,6,0,1,0
sp_02,scen_03,7,0,1,0
sp_02,scen_03,8,0,1,0
sp_02,scen_03,9,0,1,0
sp_02,scen_03,10,0,1,0
sp_02,scen_03,11,0,1,0
sp_02,scen_03,12,0,1,0
sp_02,scen_03,13,0,1,0
sp_02,scen_03,14,0,1,0
sp_02,scen_03,15,0,1,0
sp_02,scen_03,16,0,1,0
sp_02,scen_03,17,0,1,0
sp_02,scen_03,18,0,1,0
sp_02,scen_03,19,0,1,0
sp_02,scen_03,20,0,1,0
sp_02,scen_03,21,0,1,0
sp_02,scen_03,22,0,1,0
sp_02,scen_03,23,0,1,0
sp_03,scen_03,0,3,1,0
sp_03,scen_03,1,3,1,0
sp_03,scen_03,2,3,1,0
sp_03,scen_03,3,3,1,0
sp_03,scen_03,4,3,1,0
sp_03,scen_03,5,3,1,0
sp_03,scen_03,6,3,1,0
sp_03,scen_03,7,3,1,0
sp_03,scen_03,8,3,1,0
sp_03,scen_03,9,3,1,0
sp_03,scen_03,10,3,1,0
sp_03,scen_03,11,3,1,0
sp_03,scen_03,12,3,1,0
sp_03,scen_03,13,3,1,0
sp_03,scen_03,14,3,1,0
sp_03,scen_03,15,3,1,0
sp_03,scen_03,16,3,1,0
sp_03,scen_03,17,3,1,0
sp_03,scen_03,18,3,1,0
sp_03,scen_03,19,3,1,0
sp_03,scen_03,20,3,1,0
sp_03,scen_03,21,3,1,0
sp_03,scen_03,22,3,1,0
sp_03,scen_03,23,3,1,0
sp_04,scen_03,0,0,1,0
sp_04,scen_03,1,0,1,0
sp_04,scen_03,2,0,1,0
sp_04,scen_03,3,0,1,0
sp_04,scen_03,4,0,1,0
sp_04,scen_03,5,0,1,0
sp_04,scen_03,6,0,1,0
sp_04,scen_03,7,0,1,0
sp_04,scen_03,8,0,1,0
sp_04,scen_03,9,0,1,0
sp_04,scen_03,10,0,1,0
sp_04,scen_03,11,0,1,0
sp_04,scen_03,12,0,1,0
sp_04,scen_03,13,0,1,0
sp_04,scen_03,14,0,1,0
sp_04,scen_03,15,0,1,0
sp_04,scen_03,16,0,1,0
sp_04,scen_03,17,0,1,0
sp_04,scen_03,18,0,1,0
sp_04,scen_03,19,0,1,0
sp_04,scen_03,20,0,1,0
sp_04,scen_03,21,0,1,0
sp_04,scen_03,22,0,1,0
sp_04,scen_03,23,0,1,0
sp_05,scen_03,0,3,1,0
sp_05,scen_03,1,3,1,0
sp_05,scen_03,2,3,1,0
sp_05,scen_03,3,3,1,0
sp_05,scen_03,4,3,1,0
sp_05,scen_03,5,3,1,0
sp_05,scen_03,6,3,1,0
sp_05,scen_03,7,3,1,0
sp_05,scen_03,8,3,1,0
sp_05,scen_03,9,3,1,0
sp_05,scen_03,10,3,1,0
sp_05,scen_03,11,3,1,0
sp_05,scen_03,12,3,1,0
sp_05,scen_03,13,3,1,0
sp_05,scen_03,14,3,1,0
sp_05,scen_03,15,3,1,0
sp_05,scen_03,16,3,1,0
sp_05,scen_03,17,3,1,0
sp_05,scen_03,18,3,1,0
sp_05,scen_03,19,3,1,0
sp_05,scen_03,20,3,1,0
sp_05,scen_03,21,3,1,0
sp_05,scen_03,22,3,1,0
sp_05,scen_03,23,3,1,0
sp_06,scen_03,0,4,1,0
sp_06,scen_03,1,4,1,0
sp_06,scen_03,2,4,1,0
sp_06,scen_03,3,4,1,0
sp_06,scen_03,4,4,1,0
sp_06,scen_03,5,4,1,0
sp_06,scen_03,6,4,1,0
sp_06,scen_03,7,4,1,0
sp_06,scen_03,8,4,1,0
sp_06,scen_03,9,4,1,0
sp_06,scen_03,10,4,1,0
sp_06,scen_03,11,4,1,0
sp_06,scen_03,12,4,1,0
sp_06,scen_03,13,4,1,0
sp_06,scen_03,14,4,1,0
sp_06,scen_03,15,4,1,0
sp_06,scen_03,16,4,1,0
sp_06,scen_03,17,4,1,0
sp_06,scen_03,18,4,1,0
sp_06,scen_03,19,4,1,0
sp_06,scen_03,20,4,1,0
sp_06,scen_03,21,4,1,0
sp_06,scen_03,22,4,1,0
sp_06,scen_03,23,4,1,0
sp_07,scen_03,0,3,1,0
sp_07,scen_03,1,3,1,0
sp_07,scen_03,2,3,1,0
sp_07,scen_03,3,3,1,0
sp_07,scen_03,4,3,1,0
sp_07,scen_03,5,3,1,0
sp_07,scen_03,6,3,1,0
sp_07,scen_03,7,3,1,0
sp_07,scen_03,8,3,1,0
sp_07,scen_03,9,3,1,0
sp_07,scen_03,10,3,1,0
sp_07,scen_03,11,3,1,0
sp_07,scen_03,12,3,1,0
sp_07,scen_03,13,3,1,0
sp_07,scen_03,14,3,1,0
sp_07,scen_03,15,3,1,0
sp_07,scen_03,16,3,1,0
sp_07,scen_03,17,3,1,0
sp_07,scen_03,18,3,1,0
sp_07,scen_03,19,3,1,0
sp_07,scen_03,20,3,1,0
sp_07,scen_03,21,3,0,1
sp_07,scen_03,22,3,1,0
sp_07,scen_03,23,3,1,0
sp_08,scen_03,0,1,1,0
sp_08,scen_03,1,1,1,0
sp_08,scen_03,2,1,1,0
sp_08,scen_03,3,1,1,0
sp_08,scen_03,4,1,1,0
sp_08,scen_03,5,1,1,0
sp_08,scen_03,6,1,1,0
sp_08,scen_03,7,1,1,0
sp_08,scen_03,8,1,1,0
sp_08,scen_03,9,1,1,0
sp_08,scen_03,10,1,1,0
sp_08,scen_03,11,1,1,0
sp_08,scen_03,12,1,1,0
sp_08,scen_03,13,1,1,0
sp_08,scen_03,14,1,1,0
sp_08,scen_03,15,1,1,0
sp_08,scen_03,16,1,1,0
sp_08,scen_03,17,1,1,0
sp_08,scen_03,18,1,1,0
sp_08,scen_03,19,1,1,0
sp_08,scen_03,20,1,1,0
sp_08,scen_03,21,1,1,0
sp_08,scen_03,22,1,1,0
sp_08,scen_03,23,1,1,0
sp_09,scen_03,0,1,1,0
sp_09,scen_03,1,1,1,0
sp_09,scen_03,2,1,1,0
sp_09,scen_03,3,1,1,0
sp_09,scen_03,4,1,1,0
sp_09,scen_03,5,1,1,0
sp_09,scen_03,6,1,1,0
sp_09,scen_03,7,1,1,0
sp_09,scen_03,8,1,1,0
sp_09,scen_03,9,1,1,0
sp_09,scen_03,10,1,1,0
sp_09,scen_03,11,1,1,0
sp_09,scen_03,12,1,1,0
sp_09,scen_03,13,1,1,0
sp_09,scen_03,14,1,1,0
sp_09,scen_03,15,1,1,0
sp_09,scen_03,16,1,1,0
sp_09,scen_03,17,1,1,0
sp_09,scen_03,18,1,1,0
sp_09,scen_03,19,1,1,0
sp_09,scen_03,20,1,1,0
sp_09,scen_03,21,1,1,0
sp_09,scen_03,22,1,1,0
sp_09,scen_03,23,1,1,0
sp_10,scen_03,0,1,1,0
sp_10,scen_03,1,1,1,0
sp_10,scen_03,2,1,1,0
sp_10,scen_03,3,1,1,0
sp_10,scen_03,4,1,1,0
sp_10,scen_03,5,1,1,0
sp_10,scen_03,6,1,1,0
sp_10,scen_03,7,1,1,0
sp_10,scen_03,8,1,1,0
sp_10,scen_03,9,1,1,0
sp_10,scen_03,10,1,1,0
sp_10,scen_03,11,1,1,0
sp_10,scen_03,12,1,1,0
sp_10,scen_03,13,1,1,0
sp_10,scen_03,14,1,1,0
sp_10,scen_03,15,1,1,0
sp_10,scen_03,16,1,1,0
sp_10,scen_03,17,1,1,0
sp_10,scen_03,18,1,1,0
sp_10,scen_03,19,1,1,0
sp_10,scen_03,20,1,1,0
sp_10,scen_03,21,1,1,0
sp_10,scen_03,22,1,1,0
sp_10,scen_03,23,1,1,0
sp_11,scen_03,0,0,1,0
sp_11,scen_03,1,0,1,0
sp_11,scen_03,2,0,1,0
sp_11,scen_03,3,0,1,0
sp_11,scen_03,4,0,1,0
sp_11,scen_03,5,0,1,0
sp_11,scen_03,6,0,1,0
sp_11,scen_03,7,0,1,0
sp_11,scen_03,8,0,1,0
sp_11,scen_03,9,0,1,0
sp_11,scen_03,10,0,1,0
sp_11,scen_03,11,0,1,0
sp_11,scen_03,12,0,1,0
sp_11,scen_03,13,0,1,0
sp_11,scen_03,14,0,1,0
sp_11,scen_03,15,0,1,0
sp_11,scen_03,16,0,1,0
sp_11,scen_03,17,0,1,0
sp_11,scen_03,18,0,1,0
sp_11,scen_03,19,0,1,0
sp_11,scen_03,20,0,1,0
sp_11,scen_03,21,0,1,0
sp_11,scen_03,22,0,1,0
sp_11,scen_03,23,0,1,0
sp_00,scen_04,0,0,1,0
sp_00,scen_04,1,0,1,0
sp_00,scen_04,2,0,1,0
sp_00,scen_04,3,0,1,0
sp_00,scen_04,4,0,1,0
sp_00,scen_04,5,0,1,0
sp_00,scen_04,6,0,1,0
sp_00,scen_04,7,0,1,0
sp_00,scen_04,8,0,1,0
sp_00,scen_04,9,0,1,0
sp_00,scen_04,10,0,1,0
sp_00,scen_04,11,0,1,0
sp_00,scen_04,12,0,1,0
sp_00,scen_04,13,0,1,0
sp_00,scen_04,14,0,1,0
sp_00,scen_04,15,0,1,0
sp_00,scen_04,16,0,1,0
sp_00,scen_04,17,0,1,0
sp_00,scen_04,18,0,1,0
sp_00,scen_04,19,0,1,0
sp_00,scen_04,20,0,1,0
sp_00,scen_04,21,0,1,0
sp_00,scen_04,22,0,1,0
sp_00,scen_04,23,0,1,0
sp_01,scen_04,0,2,1,0
sp_01,scen_04,1,2,1,0
sp_01,scen_04,2,2,1,0
sp_01,scen_04,3,2,1,0
sp_01,scen_04,4,2,1,0
sp_01,scen_04,5,2,1,0
sp_01,scen_04,6,2,1,0
sp_01,scen_04,7,2,1,0
sp_01,scen_04,8,2,1,0
sp_01,scen_04,9,2,1,0
sp_01,scen_04,10,2,1,0
sp_01,scen_04,11,2,1,0
sp_01,scen_04,12,2,1,0
sp_01,scen_04,13,2,1,0
sp_01,scen_04,14,2,1,0
sp_01,scen_04,15,2,1,0
sp_01,scen_04,16,2,1,0
sp_01,scen_04,17,2,1,0
sp_01,scen_04,18,2,1,0
sp_01,scen_04,19,2,1,0
sp_01,scen_04,20,2,1,0
sp_01,scen_04,21,2,1,0
sp_01,scen_04,22,2,1,0
sp_01,scen_04,23,2,1,0
sp_02,scen_04,0,0,1,0
sp_02,scen_04,1,0,1,0
sp_02,scen_04,2,0,1,0
sp_02,scen_04,3,0,1,0
sp_02,scen_04,4,0,1,0
sp_02,scen_04,5,0,1,0
sp_02,scen_04,6,0,1,0
sp_02,scen_04,7,0,1,0
sp_02,scen_04,8,0,1,0
sp_02,scen_04,9,0,1,0
sp_02,scen_04,10,0,1,0
sp_02,scen_04,11,0,1,0
sp_02,scen_04,12,0,1,0
sp_02,scen_04,13,0,1,0
sp_02,scen_04,14,0,1,0
sp_02,scen_04,15,0,1,0
sp_02,scen_04,16,0,1,0
sp_02,scen_04,17,0,1,0
sp_02,scen_04,18,0,1,0
sp_02,scen_04,19,0,1,0
sp_02,scen_04,20,0,1,0
sp_02,scen_04,21,0,1,0
sp_02,scen_04,22,0,1,0
sp_02,scen_04,23,0,1,0
sp_03,scen_04,0,3,1,0
sp_03,scen_04,1,3,1,0
sp_03,scen_04,2,3,1,0
sp_03,scen_04,3,3,1,0
sp_03,scen_04,4,3,1,0
sp_03,scen_04,5,3,1,0
sp_03,scen_04,6,3,1,0
sp_03,scen_04,7,3,1,0
sp_03,scen_04,8,3,1,0
sp_03,scen_04,9,3,1,0
sp_03,scen_04,10,3,1,0
sp_03,scen_04,11,3,1,0
sp_03,scen_04,12,3,1,0
sp_03,scen_04,13,3,1,0
sp_03,scen_04,14,3,1,0
sp_03,scen_04,15,3,1,0
sp_03,scen_04,16,3,1,0
sp_03,scen_04,17,3,1,0
sp_03,scen_04,18,3,1,0
sp_03,scen_04,19,3,1,0
sp_03,scen_04,20,3,1,0
sp_03,scen_04,21,3,1,0
sp_03,scen_04,22,3,1,0
sp_03,scen_04,23,3,1,0
sp_04,scen_04,0,0,1,0
sp_04,scen_04,1,0,1,0
sp_04,scen_04,2,0,1,0
sp_04,scen_04,3,0,1,0
sp_04,scen_04,4,0,1,0
sp_04,scen_04,5,0,1,0
sp_04,scen_04,6,0,1,0
sp_04,scen_04,7,0,1,0
sp_04,scen_04,8,0,1,0
sp_04,scen_04,9,0,1,0
sp_04,scen_04,10,0,1,0
sp_04,scen_04,11,0,1,0
sp_04,scen_04,12,0,1,0
sp_04,scen_04,13,0,1,0
sp_04,scen_04,14,0,1,0
sp_04,scen_04,15,0,1,0
sp_04,scen_04,16,0,1,0
sp_04,scen_04,17,0,1,0
sp_04,scen_04,18,0,1,0
sp_04,scen_04,19,0,1,0
sp_04,scen_04,20,0,1,0
sp_04,scen_04,21,0,1,0
sp_04,scen_04,22,0,1,0
sp_04,scen_04,23,0,1,0
sp_05,scen_04,0,3,1,0
sp_05,scen_04,1,3,1,0
sp_05,scen_04,2,3,1,0
sp_05,scen_04,3,3,1,0
sp_05,scen_04,4,3,1,0
sp_05,scen_04,5,3,1,0
sp_05,scen_04,6,3,1,0
sp_05,scen_04,7,3,1,0
sp_05,scen_04,8,3,1,0
sp_05,scen_04,9,3,1,0
sp_05,scen_04,10,3,1,0
sp_05,scen_04,11,3,1,0
sp_05,scen_04,12,3,1,0
sp_05,scen_04,13,3,1,0
sp_05,scen_04,14,3,1,0
sp_05,scen_04,15,3,1,0
sp_05,scen_04,16,3,1,0
sp_05,scen_04,17,3,1,0
sp_05,scen_04,18,3,1,0
sp_05,scen_04,19,3,1,0
sp_05,scen_04,20,3,1,0
sp_05,scen_04,21,3,1,0
sp_05,scen_04,22,3,1,0
sp_05,scen_04,23,3,1,0
sp_06,scen_04,0,4,1,0
sp_06,scen_04,1,4,1,0
sp_06,scen_04,2,4,1,0
sp_06,scen_04,3,4,1,0
sp_06,scen_04,4,4,1,0
sp_06,scen_04,5,4,1,0
sp_06,scen_04,6,4,1,0
sp_06,scen_04,7,4,1,0
sp_06,scen_04,8,4,1,0
sp_06,scen_04,9,4,1,0
sp_06,scen_04,10,4,1,0
sp_06,scen_04,11,4,1,0
sp_06,scen_04,12,4,1,0
sp_06,scen_04,13,4,1,0
sp_06,scen_04,14,4,1,0
sp_06,scen_04,15,4,1,0
sp_06,scen_04,16,4,1,0
sp_06,scen_04,17,4,1,0
sp_06,scen_04,18,4,1,0
sp_06,scen_04,19,4,1,0
sp_06,scen_04,20,4,1,0
sp_06,scen_04,21,4,1,0
sp_06,scen_04,22,4,1,0
sp_06,scen_04,23,4,1,0
sp_07,scen_04,0,3,1,0
sp_07,scen_04,1,3,1,0
sp_07,scen_04,2,3,1,0
sp_07,scen_04,3,3,1,0
sp_07,scen_04,4,3,1,0
sp_07,scen_04,5,3,1,0
sp_07,scen_04,6,3,1,0
sp_07,scen_04,7,3,1,0
sp_07,scen_04,8,3,1,0
sp_07,scen_04,9,3,1,0
sp_07,scen_04,10,3,1,0
sp_07,scen_04,11,3,1,0
sp_07,scen_04,12,3,1,0
sp_07,scen_04,13,3,1,0
sp_07,scen_04,14,3,1,0
sp_07,scen_04,15,3,1,0
sp_07,scen_04,16,3,1,0
sp_07,scen_04,17,3,1,0
sp_07,scen_04,18,3,1,0
sp_07,scen_04,19,3,1,0
sp_07,scen_04,20,3,1,0
sp_07,scen_04,21,3,1,0
sp_07,scen_04,22,3,1,0
sp_07,scen_04,23,3,1,0
sp_08,scen_04,0,1,1,0
sp_08,scen_04,1,1,1,0
sp_08,scen_04,2,1,1,0
sp_08,scen_04,3,1,1,0
sp_08,scen_04,4,1,1,0
sp_08,scen_04,5,1,1,0
sp_08,scen_04,6,1,1,0
sp_08,scen_04,7,1,1,0
sp_08,scen_04,8,1,1,0
sp_08,scen_04,9,1,1,0
sp_08,scen_04,10,1,1,0
sp_08,scen_04,11,1,1,0
sp_08,scen_04,12,1,1,0
sp_08,scen_04,13,1,1,0
sp_08,scen_04,14,1,1,0
sp_08,scen_04,15,1,1,0
sp_08,scen_04,16,1,1,0
sp_08,scen_04,17,1,1,0
sp_08,scen_04,18,1,1,0
sp_08,scen_04,19,1,1,0
sp_08,scen_04,20,1,1,0
sp_08,scen_04,21,1,1,0
sp_08,scen_04,22,1,1,0
sp_08,scen_04,23,1,1,0
sp_09,scen_04,0,1,1,0
sp_09,scen_04,1,1,1,0
sp_09,scen_04,2,1,1,0
sp_09,scen_04,3,1,1,0
sp_09,scen_04,4,1,1,0
sp_09,scen_04,5,1,1,0
sp_09,scen_04,6,1,1,0
sp_09,scen_04,7,1,1,0
sp_09,scen_04,8,1,1,0
sp_09,scen_04,9,1,1,0
sp_09,scen_04,10,1,1,0
sp_09,scen_04,11,1,1,0
sp_09,scen_04,12,1,1,0
sp_09,scen_04,13,1,1,0
sp_09,scen_04,14,1,1,0
sp_09,scen_04,15,1,1,0
sp_09,scen_04,16,1,1,0
sp_09,scen_04,17,1,1,0
sp_09,scen_04,18,1,1,0
sp_09,scen_04,19,1,1,0
sp_09,scen_04,20,1,1,0
sp_09,scen_04,21,1,1,0
sp_09,scen_04,22,1,1,0
sp_09,scen_04,23,1,1,0
sp_10,scen_04,0,1,1,0
sp_10,scen_04,1,1,1,0
sp_10,scen_04,2,1,1,0
sp_10,scen_04,3,1,1,0
sp_10,scen_04,4,1,1,0
sp_10,scen_04,5,1,1,0
sp_10,scen_04,6,1,1,0
sp_10,scen_04,7,1,1,0
sp_10,scen_04,8,1,1,0
sp_10,scen_04,9,1,1,0
sp_10,scen_04,10,1,1,0
sp_10,scen_04,11,1,1,0
sp_10,scen_04,12,1,1,0
sp_10,scen_04,13,1,1,0
sp_10,scen_04,14,1,1,0
sp_10,scen_04,15,1,1,0
sp_10,scen_04,16,1,1,0
sp_10,scen_04,17,1,1,0
sp_10,scen_04,18,1,1,0
sp_10,scen_04,19,1,1,0
sp_10,scen_04,20,1,1,0
sp_10,scen_04,21,1,1,0
sp_10,scen_04,22,1,1,0
sp_10,scen_04,23,1,1,0
sp_11,scen_04,0,0,1,0
sp_11,scen_04,1,0,1,0
sp_11,scen_04,2,0,1,0
sp_11,scen_04,3,0,1,0
sp_11,scen_04,4,0,1,0
sp_11,scen_04,5,0,1,0
sp_11,scen_04,6,0,1,0
sp_11,scen_04,7,0,1,0
sp_11,scen_04,8,0,1,0
sp_11,scen_04,9,0,1,0
sp_11,scen_04,10,0,1,0
sp_11,scen_04,11,0,1,0
sp_11,scen_04,12,0,1,0
sp_11,scen_04,13,0,1,0
sp_11,scen_04,14,0,1,0
sp_11,scen_04,15,0,1,0
sp_11,scen_04,16,0,1,0
sp_11,scen_04,17,0,1,0
sp_11,scen_04,18,0,1,0
sp_11,scen_04,19,0,1,0
sp_11,scen_04,20,0,1,0
sp_11,scen_04,21,0,1,0
sp_11,scen_04,22,0,1,0
sp_11,scen_04,23,0,1,0
sp_00,scen_05,0,0,1,0
sp_00,scen_05,1,0,1,0
sp_00,scen_05,2,0,1,0
sp_00,scen_05,3,0,1,0
sp_00,scen_05,4,0,1,0
sp_00,scen_05,5,0,1,0
sp_00,scen_05,6,0,1,0
sp_00,scen_05,7,0,1,0
sp_00,scen_05,8,0,1,0
sp_00,scen_05,9,0,1,0
sp_00,scen_05,10,0,1,0
sp_00,scen_05,11,0,1,0
sp_00,scen_05,12,0,1,0
sp_00,scen_05,13,0,1,0
sp_00,scen_05,14,0,0,1
sp_00,scen_05,15,0,1,0
sp_00,scen_05,16,0,1,0
sp_00,scen_05,17,0,1,0
sp_00,scen_05,18,0,1,0
sp_00,scen_05,19,0,1,0
sp_00,scen_05,20,0,1,0
sp_00,scen_05,21,0,1,0
sp_00,scen_05,22,0,1,0
sp_00,scen_05,23,0,1,0
sp_01,scen_05,0,2,1,0
sp_01,scen_05,1,2,1,0
sp_01,scen_05,2,2,1,0
sp_01,scen_05,3,2,1,0
sp_01,scen_05,4,2,1,0
sp_01,scen_05,5,2,1,0
sp_01,scen_05,6,2,1,0
sp_01,scen_05,7,2,1,0
sp_01,scen_05,8,2,1,0
sp_01,scen_05,9,2,1,0
sp_01,scen_05,10,2,1,0
sp_01,scen_05,11,2,1,0
sp_01,scen_05,12,2,1,0
sp_01,scen_05,13,2,1,0
sp_01,scen_05,14,2,1,0
sp_01,scen_05,15,2,1,0
sp_01,scen_05,16,2,1,0
sp_01,scen_05,17,2,1,0
sp_01,scen_05,18,2,1,0
sp_01,scen_05,19,2,1,0
sp_01,scen_05,20,2,1,0
sp_01,scen_05,21,2,1,0
sp_01,scen_05,22,2,1,0
sp_01,scen_05,23,2,1,0
sp_02,scen_05,0,0,1,0
sp_02,scen_05,1,0,1,0
sp_02,scen_05,2,0,1,0
sp_02,scen_05,3,0,1,0
sp_02,scen_05,4,0,1,0
sp_02,scen_05,5,0,1,0
sp_02,scen_05,6,0,1,0
sp_02,scen_05,7,0,1,0
sp_02,scen_05,8,0,1,0
sp_02,scen_05,9,0,1,0
sp_02,scen_05,10,0,1,0
sp_02,scen_05,11,0,1,0
sp_02,scen_05,12,0,1,0
sp_02,scen_05,13,0,1,0
sp_02,scen_05,14,0,1,0
sp_02,scen_05,15,0,1,0
sp_02,scen_05,16,0,1,0
sp_02,scen_05,17,0,1,0
sp_02,scen_05,18,0,1,0
sp_02,scen_05,19,0,1,0
sp_02,scen_05,20,0,1,0
sp_02,scen_05,21,0,1,0
sp_02,scen_05,22,0,1,0
sp_02,scen_05,23,0,1,0
sp_03,scen_05,0,3,1,0
sp_03,scen_05,1,3,1,0
sp_03,scen_05,2,3,1,0
sp_03,scen_05,3,3,1,0
sp_03,scen_05,4,3,1,0
sp_03,scen_05,5,3,1,0
sp_03,scen_05,6,3,1,0
sp_03,scen_05,7,3,1,0
sp_03,scen_05,8,3,1,0
sp_03,scen_05,9,3,1,0
sp_03,scen_05,10,3,1,0
sp_03,scen_05,11,3,1,0
sp_03,scen_05,12,3,1,0
sp_03,scen_05,13,3,1,0
sp_03,scen_05,14,3,1,0
sp_03,scen_05,15,3,1,0
sp_03,scen_05,16,3,1,0
sp_03,scen_05,17,3,0,1
sp_03,scen_05,18,3,1,0
sp_03,scen_05,19,3,1,0
sp_03,scen_05,20,3,1,0
sp_03,scen_05,21,3,1,0
sp_03,scen_05,22,3,1,0
sp_03,scen_05,23,3,1,0
sp_04,scen_05,0,0,1,0
sp_04,scen_05,1,0,1,0
sp_04,scen_05,2,0,1,0
sp_04,scen_05,3,0,1,0
sp_04,scen_05,4,0,1,0
sp_04,scen_05,5,0,1,0
sp_04,scen_05,6,0,1,0
sp_04,scen_05,7,0,1,0
sp_04,scen_05,8,0,1,0
sp_04,scen_05,9,0,1,0
sp_04,scen_05,10,0,1,0
sp_04,scen_05,11,0,1,0
sp_04,scen_05,12,0,1,0
sp_04,scen_05,13,0,1,0
sp_04,scen_05,14,0,0,1
sp_04,scen_05,15,0,1,0
sp_04,scen_05,16,0,1,0
sp_04,scen_05,17,0,1,0
sp_04,scen_05,18,0,0,1
sp_04,scen_05,19,0,1,0
sp_04,scen_05,20,0,1,0
sp_04,scen_05,21,0,1,0
sp_04,scen_05,22,0,1,0
sp_04,scen_05,23,0,1,0
sp_05,scen_05,0,3,1,0
sp_05,scen_05,1,3,1,0
sp_05,scen_05,2,3,1,0
sp_05,scen_05,3,3,1,0
sp_05,scen_05,4,3,1,0
sp_05,scen_05,5,3,1,0
sp_05,scen_05,6,3,1,0
sp_05,scen_05,7,3,1,0
sp_05,scen_05,8,3,1,0
sp_05,scen_05,9,3,1,0
sp_05,scen_05,10,3,1,0
sp_05,scen_05,11,3,1,0
sp_05,scen_05,12,3,1,0
sp_05,scen_05,13,3,1,0
sp_05,scen_05,14,3,1,0
sp_05,scen_05,15,3,1,0
sp_05,scen_05,16,3,1,0
sp_05,scen_05,17,3,0,1
sp_05,scen_05,18,3,1,0
sp_05,scen_05,19,3,1,0
sp_05,scen_05,20,3,1,0
sp_05,scen_05,21,3,1,0
sp_05,scen_05,22,3,1,0
sp_05,scen_05,23,3,1,0
sp_06,scen_05,0,4,1,0
sp_06,scen_05,1,4,1,0
sp_06,scen_05,2,4,1,0
sp_06,scen_05,3,4,1,0
sp_06,scen_05,4,4,1,0
sp_06,scen_05,5,4,1,0
sp_06,scen_05,6,4,1,0
sp_06,scen_05,7,4,1,0
sp_06,scen_05,8,4,1,0
sp_06,scen_05,9,4,1,0
sp_06,scen_05,10,4,1,0
sp_06,scen_05,11,4,1,0
sp_06,scen_05,12,4,1,0
sp_06,scen_05,13,4,0,1
sp_06,scen_05,14,4,1,0
sp_06,scen_05,15,4,1,0
sp_06,scen_05,16,4,0,1
sp_06,scen_05,17,4,1,0
sp_06,scen_05,18,4,1,0
sp_06,scen_05,19,4,1,0
sp_06,scen_05,20,4,0,1
sp_06,scen_05,21,4,1,0
sp_06,scen_05,22,4,1,0
sp_06,scen_05,23,4,1,0
sp_07,scen_05,0,3,1,0
sp_07,scen_05,1,3,1,0
sp_07,scen_05,2,3,1,0
sp_07,scen_05,3,3,1,0
sp_07,scen_05,4,3,1,0
sp_07,scen_05,5,3,1,0
sp_07,scen_05,6,3,1,0
sp_07,scen_05,7,3,1,0
sp_07,scen_05,8,3,1,0
sp_07,scen_05,9,3,1,0
sp_07,scen_05,10,3,1,0
sp_07,scen_05,11,3,1,0
sp_07,scen_05,12,3,1,0
sp_07,scen_05,13,3,1,0
sp_07,scen_05,14,3,1,0
sp_07,scen_05,15,3,1,0
sp_07,scen_05,16,3,1,0
sp_07,scen_05,17,3,1,0
sp_07,scen_05,18,3,1,0
sp_07,scen_05,19,3,1,0
sp_07,scen_05,20,3,1,0
sp_07,scen_05,21,3,1,0
sp_07,scen_05,22,3,1,0
sp_07,scen_05,23,3,1,0
sp_08,scen_05,0,1,1,0
sp_08,scen_05,1,1,1,0
sp_08,scen_05,2,1,1,0
sp_08,scen_05,3,1,1,0
sp_08,scen_05,4,1,1,0
sp_08,scen_05,5,1,1,0
sp_08,scen_05,6,1,1,0
sp_08,scen_05,7,1,1,0
sp_08,scen_05,8,1,1,0
sp_08,scen_05,9,1,1,0
sp_08,scen_05,10,1,1,0
sp_08,scen_05,11,1,1,0
sp_08,scen_05,12,1,1,0
sp_08,scen_05,13,1,1,0
sp_08,scen_05,14,1,1,0
sp_08,scen_05,15,1,1,0
sp_08,scen_05,16,1,1,0
sp_08,scen_05,17,1,1,0
sp_08,scen_05,18,1,1,0
sp_08,scen_05,19,1,1,0
sp_08,scen_05,20,1,1,0
sp_08,scen_05,21,1,1,0
sp_08,scen_05,22,1,1,0
sp_08,scen_05,23,1,1,0
sp_09,scen_05,0,1,1,0
sp_09,scen_05,1,1,1,0
sp_09,scen_05,2,1,1,0
sp_09,scen_05,3,1,1,0
sp_09,scen_05,4,1,1,0
sp_09,scen_05,5,1,1,0
sp_09,scen_05,6,1,1,0
sp_09,scen_05,7,1,1,0
sp_09,scen_05,8,1,1,0
sp_09,scen_05,9,1,1,0
sp_09,scen_05,10,1,1,0
sp_09,scen_05,11,1,1,0
sp_09,scen_05,12,1,1,0
sp_09,scen_05,13,1,1,0
sp_09,scen_05,14,1,1,0
sp_09,scen_05,15,1,1,0
sp_09,scen_05,16,1,1,0
sp_09,scen_05,17,1,1,0
sp_09,scen_05,18,1,1,0
sp_09,scen_05,19,1,1,0
sp_09,scen_05,20,1,1,0
sp_09,scen_05,21,1,1,0
sp_09,scen_05,22,1,1,0
sp_09,scen_05,23,1,1,0
sp_10,scen_05,0,1,1,0
sp_10,scen_05,1,1,1,0
sp_10,scen_05,2,1,1,0
sp_10,scen_05,3,1,1,0
sp_10,scen_05,4,1,1,0
sp_10,scen_05,5,1,1,0
sp_10,scen_05,6,1,1,0
sp_10,scen_05,7,1,1,0
sp_10,scen_05,8,1,1,0
sp_10,scen_05,9,1,1,0
sp_10,scen_05,10,1,1,0
sp_10,scen_05,11,1,1,0
sp_10,scen_05,12,1,1,0
sp_10,scen_05,13,1,1,0
sp_10,scen_05,14,1,1,0
sp_10,scen_05,15,1,1,0
sp_10,scen_05,16,1,1,0
sp_10,scen_05,17,1,1,0
sp_10,scen_05,18,1,1,0
sp_10,scen_05,19,1,1,0
sp_10,scen_05,20,1,1,0
sp_10,scen_05,21,1,1,0
sp_10,scen_05,22,1,1,0
sp_10,scen_05,23,1,1,0
sp_11,scen_05,0,0,1,0
sp_11,scen_05,1,0,1,0
sp_11,scen_05,2,0,1,0
sp_11,scen_05,3,0,1,0
sp_11,scen_05,4,0,1,0
sp_11,scen_05,5,0,1,0
sp_11,scen_05,6,0,1,0
sp_11,scen_05,7,0,1,0
sp_11,scen_05,8,0,1,0
sp_11,scen_05,9,0,1,0
sp_11,scen_05,10,0,1,0
sp_11,scen_05,11,0,1,0
sp_11,scen_05,12,0,1,0
sp_11,scen_05,13,0,1,0
sp_11,scen_05,14,0,0,1
sp_11,scen_05,15,0,1,0
sp_11,scen_05,16,0,1,0
sp_11,scen_05,17,0,1,0
sp_11,scen_05,18,0,1,0
sp_11,scen_05,19,0,1,0
sp_11,scen_05,20,0,1,0
sp_11,scen_05,21,0,1,0
sp_11,scen_05,22,0,1,0
sp_11,scen_05,23,0,1,0
sp_00,scen_06,0,0,1,0
sp_00,scen_06,1,0,1,0
sp_00,scen_06,2,0,1,0
sp_00,scen_06,3,0,1,0
sp_00,scen_06,4,0,1,0
sp_00,scen_06,5,0,1,0
sp_00,scen_06,6,0,1,0
sp_00,scen_06,7,0,1,0
sp_00,scen_06,8,0,1,0
sp_00,scen_06,9,0,1,0
sp_00,scen_06,10,0,1,0
sp_00,scen_06,11,0,1,0
sp_00,scen_06,12,0,1,0
sp_00,scen_06,13,0,1,0
sp_00,scen_06,14,0,1,0
sp_00,scen_06,15,0,1,0
sp_00,scen_06,16,0,1,0
sp_00,scen_06,17,0,1,0
sp_00,scen_06,18,0,1,0
sp_00,scen_06,19,0,1,0
sp_00,scen_06,20,0,1,0
sp_00,scen_06,21,0,1,0
sp_00,scen_06,22,0,1,0
sp_00,scen_06,23,0,1,0
sp_01,scen_06,0,2,1,0
sp_01,scen_06,1,2,1,0
sp_01,scen_06,2,2,1,0
sp_01,scen_06,3,2,1,0
sp_01,scen_06,4,2,1,0
sp_01,scen_06,5,2,1,0
sp_01,scen_06,6,2,1,0
sp_01,scen_06,7,2,1,0
sp_01,scen_06,8,2,1,0
sp_01,scen_06,9,2,1,0
sp_01,scen_06,10,2,1,0
sp_01,scen_06,11,2,0,1
sp_01,scen_06,12,2,1,0
sp_01,scen_06,13,2,0,1
sp_01,scen_06,14,2,0,1
sp_01,scen_06,15,2,1,0
sp_01,scen_06,16,2,0,1
sp_01,scen_06,17,2,1,0
sp_01,scen_06,18,2,1,0
sp_01,scen_06,19,2,1,0
sp_01,scen_06,20,2,1,0
sp_01,scen_06,21,2,1,0
sp_01,scen_06,22,2,1,0
sp_01,scen_06,23,2,1,0
sp_02,scen_06,0,0,1,0
sp_02,scen_06,1,0,1,0
sp_02,scen_06,2,0,1,0
sp_02,scen_06,3,0,1,0
sp_02,scen_06,4,0,1,0
sp_02,scen_06,5,0,1,0
sp_02,scen_06,6,0,1,0
sp_02,scen_06,7,0,1,0
sp_02,scen_06,8,0,1,0
sp_02,scen_06,9,0,1,0
sp_02,scen_06,10,0,1,0
sp_02,scen_06,11,0,1,0
sp_02,scen_06,12,0,1,0
sp_02,scen_06,13,0,1,0
sp_02,scen_06,14,0,1,0
sp_02,scen_06,15,0,1,0
sp_02,scen_06,16,0,1,0
sp_02,scen_06,17,0,1,0
sp_02,scen_06,18,0,1,0
sp_02,scen_06,19,0,1,0
sp_02,scen_06,20,0,1,0
sp_02,scen_06,21,0,1,0
sp_02,scen_06,22,0,1,0
sp_02,scen_06,23,0,1,0
sp_03,scen_06,0,3,1,0
sp_03,scen_06,1,3,1,0
sp_03,scen_06,2,3,1,0
sp_03,scen_06,3,3,1,0
sp_03,scen_06,4,3,1,0
sp_03,scen_06,5,3,1,0
sp_03,scen_06,6,3,1,0
sp_03,scen_06,7,3,1,0
sp_03,scen_06,8,3,1,0
sp_03,scen_06,9,3,1,0
sp_03,scen_06,10,3,1,0
sp_03,scen_06,11,3,1,0
sp_03,scen_06,12,3,1,0
sp_03,scen_06,13,3,1,0
sp_03,scen_06,14,3,1,0
sp_03,scen_06,15,3,1,0
sp_03,scen_06,16,3,1,0
sp_03,scen_06,17,3,0,1
sp_03,scen_06,18,3,1,0
sp_03,scen_06,19,3,1,0
sp_03,scen_06,20,3,1,0
sp_03,scen_06,21,3,1,0
sp_03,scen_06,22,3,1,0
sp_03,scen_06,23,3,1,0
sp_04,scen_06,0,0,1,0
sp_04,scen_06,1,0,1,0
sp_04,scen_06,2,0,1,0
sp_04,scen_06,3,0,1,0
sp_04,scen_06,4,0,1,0
sp_04,scen_06,5,0,1,0
sp_04,scen_06,6,0,1,0
sp_04,scen_06,7,0,1,0
sp_04,scen_06,8,0,1,0
sp_04,scen_06,9,0,1,0
sp_04,scen_06,10,0,1,0
sp_04,scen_06,11,0,1,0
sp_04,scen_06,12,0,1,0
sp_04,scen_06,13,0,1,0
sp_04,scen_06,14,0,0,1
sp_04,scen_06,15,0,1,0
sp_04,scen_06,16,0,1,0
sp_04,scen_06,17,0,1,0
sp_04,scen_06,18,0,1,0
sp_04,scen_06,19,0,1,0
sp_04,scen_06,20,0,1,0
sp_04,scen_06,21,0,1,0
sp_04,scen_06,22,0,1,0
sp_04,scen_06,23,0,1,0
sp_05,scen_06,0,3,1,0
sp_05,scen_06,1,3,1,0
sp_05,scen_06,2,3,1,0
sp_05,scen_06,3,3,1,0
sp_05,scen_06,4,3,1,0
sp_05,scen_06,5,3,1,0
sp_05,scen_06,6,3,1,0
sp_05,scen_06,7,3,1,0
sp_05,scen_06,8,3,1,0
sp_05,scen_06,9,3,1,0
sp_05,scen_06,10,3,1,0
sp_05,scen_06,11,3,1,0
sp_05,scen_06,12,3,1,0
sp_05,scen_06,13,3,1,0
sp_05,scen_06,14,3,1,0
sp_05,scen_06,15,3,1,0
sp_05,scen_06,16,3,1,0
sp_05,scen_06,17,3,0,1
sp_05,scen_06,18,3,1,0
sp_05,scen_06,19,3,1,0
sp_05,scen_06,20,3,1,0
sp_05,scen_06,21,3,1,0
sp_05,scen_06,22,3,1,0
sp_05,scen_06,23,3,1,0
sp_06,scen_06,0,4,1,0
sp_06,scen_06,1,4,1,0
sp_06,scen_06,2,4,1,0
sp_06,scen_06,3,4,1,0
sp_06,scen_06,4,4,1,0
sp_06,scen_06,5,4,1,0
sp_06,scen_06,6,4,1,0
sp_06,scen_06,7,4,1,0
sp_06,scen_06,8,4,1,0
sp_06,scen_06,9,4,1,0
sp_06,scen_06,10,4,1,0
sp_06,scen_06,11,4,1,0
sp_06,scen_06,12,4,1,0
sp_06,scen_06,13,4,1,0
sp_06,scen_06,14,4,1,0
sp_06,scen_06,15,4,1,0
sp_06,scen_06,16,4,1,0
sp_06,scen_06,17,4,1,0
sp_06,scen_06,18,4,1,0
sp_06,scen_06,19,4,1,0
sp_06,scen_06,20,4,1,0
sp_06,scen_06,21,4,1,0
sp_06,scen_06,22,4,1,0
sp_06,scen_06,23,4,1,0
sp_07,scen_06,0,3,1,0
sp_07,scen_06,1,3,1,0
sp_07,scen_06,2,3,1,0
sp_07,scen_06,3,3,1,0
sp_07,scen_06,4,3,1,0
sp_07,scen_06,5,3,1,0
sp_07,scen_06,6,3,1,0
sp_07,scen_06,7,3,1,0
sp_07,scen_06,8,3,1,0
sp_07,scen_06,9,3,1,0
sp_07,scen_06,10,3,1,0
sp_07,scen_06,11,3,1,0
sp_07,scen_06,12,3,1,0
sp_07,scen_06,13,3,1,0
sp_07,scen_06,14,3,1,0
sp_07,scen_06,15,3,1,0
sp_07,scen_06,16,3,1,0
sp_07,scen_06,17,3,1,0
sp_07,scen_06,18,3,1,0
sp_07,scen_06,19,3,1,0
sp_07,scen_06,20,3,1,0
sp_07,scen_06,21,3,1,0
sp_07,scen_06,22,3,1,0
sp_07,scen_06,23,3,1,0
sp_08,scen_06,0,1,1,0
sp_08,scen_06,1,1,1,0
sp_08,scen_06,2,1,1,0
sp_08,scen_06,3,1,1,0
sp_08,scen_06,4,1,1,0
sp_08,scen_06,5,1,1,0
sp_08,scen_06,6,1,1,0
sp_08,scen_06,7,1,1,0
sp_08,scen_06,8,1,1,0
sp_08,scen_06,9,1,1,0
sp_08,scen_06,10,1,1,0
sp_08,scen_06,11,1,1,0
sp_08,scen_06,12,1,1,0
sp_08,scen_06,13,1,1,0
sp_08,scen_06,14,1,1,0
sp_08,scen_06,15,1,1,0
sp_08,scen_06,16,1,1,0
sp_08,scen_06,17,1,1,0
sp_08,scen_06,18,1,1,0
sp_08,scen_06,19,1,1,0
sp_08,scen_06,20,1,1,0
sp_08,scen_06,21,1,1,0
sp_08,scen_06,22,1,1,0
sp_08,scen_06,23,1,1,0
sp_09,scen_06,0,1,1,0
sp_09,scen_06,1,1,1,0
sp_09,scen_06,2,1,1,0
sp_09,scen_06,3,1,1,0
sp_09,scen_06,4,1,1,0
sp_09,scen_06,5,1,1,0
sp_09,scen_06,6,1,1,0
sp_09,scen_06,7,1,1,0
sp_09,scen_06,8,1,1,0
sp_09,scen_06,9,1,1,0
sp_09,scen_06,10,1,1,0
sp_09,scen_06,11,1,1,0
sp_09,scen_06,12,1,1,0
sp_09,scen_06,13,1,1,0
sp_09,scen_06,14,1,1,0
sp_09,scen_06,15,1,1,0
sp_09,scen_06,16,1,1,0
sp_09,scen_06,17,1,1,0
sp_09,scen_06,18,1,1,0
sp_09,scen_06,19,1,1,0
sp_09,scen_06,20,1,1,0
sp_09,scen_06,21,1,1,0
sp_09,scen_06,22,1,1,0
sp_09,scen_06,23,1,1,0
sp_10,scen_06,0,1,1,0
sp_10,scen_06,1,1,1,0
sp_10,scen_06,2,1,1,0
sp_10,scen_06,3,1,1,0
sp_10,scen_06,4,1,1,0
sp_10,scen_06,5,1,1,0
sp_10,scen_06,6,1,1,0
sp_10,scen_06,7,1,1,0
sp_10,scen_06,8,1,0,1
sp_10,scen_06,9,1,1,0
sp_10,scen_06,10,1,1,0
sp_10,scen_06,11,1,1,0
sp_10,scen_06,12,1,1,0
sp_10,scen_06,13,1,1,0
sp_10,scen_06,14,1,0,1
sp_10,scen_06,15,1,1,0
sp_10,scen_06,16,1,1,0
sp_10,scen_06,17,1,1,0
sp_10,scen_06,18,1,1,0
sp_10,scen_06,19,1,0,1
sp_10,scen_06,20,1,1,0
sp_10,scen_06,21,1,1,0
sp_10,scen_06,22,1,1,0
sp_10,scen_06,23,1,1,0
sp_11,scen_06,0,0,1,0
sp_11,scen_06,1,0,1,0
sp_11,scen_06,2,0,1,0
sp_11,scen_06,3,0,1,0
sp_11,scen_06,4,0,1,0
sp_11,scen_06,5,0,1,0
sp_11,scen_06,6,0,1,0
sp_11,scen_06,7,0,1,0
sp_11,scen_06,8,0,1,0
sp_11,scen_06,9,0,1,0
sp_11,scen_06,10,0,1,0
sp_11,scen_06,11,0,1,0
sp_11,scen_06,12,0,1,0
sp_11,scen_06,13,0,1,0
sp_11,scen_06,14,0,1,0
sp_11,scen_06,15,0,1,0
sp_11,scen_06,16,0,1,0
sp_11,scen_06,17,0,1,0
sp_11,scen_06,18,0,1,0
sp_11,scen_06,19,0,1,0
sp_11,scen_06,20,0,1,0
sp_11,scen_06,21,0,1,0
sp_11,scen_06,22,0,1,0
sp_11,scen_06,23,0,1,0
sp_00,scen_07,0,0,1,0
sp_00,scen_07,1,0,1,0
sp_00,scen_07,2,0,1,0
sp_00,scen_07,3,0,1,0
sp_00,scen_07,4,0,1,0
sp_00,scen_07,5,0,1,0
sp_00,scen_07,6,0,1,0
sp_00,scen_07,7,0,1,0
sp_00,scen_07,8,0,1,0
sp_00,scen_07,9,0,1,0
sp_00,scen_07,10,0,1,0
sp_00,scen_07,11,0,1,0
sp_00,scen_07,12,0,1,0
sp_00,scen_07,13,0,1,0
sp_00,scen_07,14,0,1,0
sp_00,scen_07,15,0,1,0
sp_00,scen_07,16,0,1,0
sp_00,scen_07,17,0,1,0
sp_00,scen_07,18,0,1,0
sp_00,scen_07,19,0,1,0
sp_00,scen_07,20,0,1,0
sp_00,scen_07,21,0,1,0
sp_00,scen_07,22,0,1,0
sp_00,scen_07,23,0,1,0
sp_01,scen_07,0,2,1,0
sp_01,scen_07,1,2,1,0
sp_01,scen_07,2,2,1,0
sp_01,scen_07,3,2,1,0
sp_01,scen_07,4,2,1,0
sp_01,scen_07,5,2,1,0
sp_01,scen_07,6,2,1,0
sp_01,scen_07,7,2,1,0
sp_01,scen_07,8,2,1,0
sp_01,scen_07,9,2,1,0
sp_01,scen_07,10,2,1,0
sp_01,scen_07,11,2,1,0
sp_01,scen_07,12,2,1,0
sp_01,scen_07,13,2,1,0
sp_01,scen_07,14,2,1,0
sp_01,scen_07,15,2,1,0
sp_01,scen_07,16,2,1,0
sp_01,scen_07,17,2,1,0
sp_01,scen_07,18,2,1,0
sp_01,scen_07,19,2,1,0
sp_01,scen_07,20,2,1,0
sp_01,scen_07,21,2,1,0
sp_01,scen_07,22,2,1,0
sp_01,scen_07,23,2,1,0
sp_02,scen_07,0,0,1,0
sp_02,scen_07,1,0,1,0
sp_02,scen_07,2,0,1,0
sp_02,scen_07,3,0,1,0
sp_02,scen_07,4,0,1,0
sp_02,scen_07,5,0,1,0
sp_02,scen_07,6,0,1,0
sp_02,scen_07,7,0,1,0
sp_02,scen_07,8,0,1,0
sp_02,scen_07,9,0,1,0
sp_02,scen_07,10,0,1,0
sp_02,scen_07,11,0,1,0
sp_02,scen_07,12,0,1,0
sp_02,scen_07,13,0,1,0
sp_02,scen_07,14,0,1,0
sp_02,scen_07,15,0,1,0
sp_02,scen_07,16,0,1,0
sp_02,scen_07,17,0,1,0
sp_02,scen_07,18,0,1,0
sp_02,scen_07,19,0,1,0
sp_02,scen_07,20,0,1,0
sp_02,scen_07,21,0,1,0
sp_02,scen_07,22,0,1,0
sp_02,scen_07,23,0,1,0
sp_03,scen_07,0,3,1,0
sp_03,scen_07,1,3,1,0
sp_03,scen_07,2,3,1,0
sp_03,scen_07,3,3,1,0
sp_03,scen_07,4,3,1,0
sp_03,scen_07,5,3,1,0
sp_03,scen_07,6,3,1,0
sp_03,scen_07,7,3,1,0
sp_03,scen_07,8,3,1,0
sp_03,scen_07,9,3,1,0
sp_03,scen_07,10,3,1,0
sp_03,scen_07,11,3,1,0
sp_03,scen_07,12,3,1,0
sp_03,scen_07,13,3,1,0
sp_03,scen_07,14,3,1,0
sp_03,scen_07,15,3,1,0
sp_03,scen_07,16,3,1,0
sp_03,scen_07,17,3,1,0
sp_03,scen_07,18,3,1,0
sp_03,scen_07,19,3,1,0
sp_03,scen_07,20,3,1,0
sp_03,scen_07,21,3,1,0
sp_03,scen_07,22,3,1,0
sp_03,scen_07,23,3,1,0
sp_04,scen_07,0,0,1,0
sp_04,scen_07,1,0,1,0
sp_04,scen_07,2,0,1,0
sp_04,scen_07,3,0,1,0
sp_04,scen_07,4,0,1,0
sp_04,scen_07,5,0,1,0
sp_04,scen_07,6,0,1,0
sp_04,scen_07,7,0,1,0
sp_04,scen_07,8,0,1,0
sp_04,scen_07,9,0,1,0
sp_04,scen_07,10,0,1,0
sp_04,scen_07,11,0,1,0
sp_04,scen_07,12,0,1,0
sp_04,scen_07,13,0,1,0
sp_04,scen_07,14,0,1,0
sp_04,scen_07,15,0,1,0
sp_04,scen_07,16,0,1,0
sp_04,scen_07,17,0,1,0
sp_04,scen_07,18,0,1,0
sp_04,scen_07,19,0,1,0
sp_04,scen_07,20,0,1,0
sp_04,scen_07,21,0,1,0
sp_04,scen_07,22,0,1,0
sp_04,scen_07,23,0,1,0
sp_05,scen_07,0,3,1,0
sp_05,scen_07,1,3,1,0
sp_05,scen_07,2,3,1,0
sp_05,scen_07,3,3,1,0
sp_05,scen_07,4,3,1,0
sp_05,scen_07,5,3,1,0
sp_05,scen_07,6,3,1,0
sp_05,scen_07,7,3,1,0
sp_05,scen_07,8,3,1,0
sp_05,scen_07,9,3,1,0
sp_05,scen_07,10,3,1,0
sp_05,scen_07,11,3,1,0
sp_05,scen_07,12,3,1,0
sp_05,scen_07,13,3,1,0
sp_05,scen_07,14,3,1,0
sp_05,scen_07,15,3,1,0
sp_05,scen_07,16,3,1,0
sp_05,scen_07,17,3,1,0
sp_05,scen_07,18,3,1,0
sp_05,scen_07,19,3,1,0
sp_05,scen_07,20,3,1,0
sp_05,scen_07,21,3,1,0
sp_05,scen_07,22,3,1,0
sp_05,scen_07,23,3,1,0
sp_06,scen_07,0,4,1,0
sp_06,scen_07,1,4,1,0
sp_06,scen_07,2,4,1,0
sp_06,scen_07,3,4,1,0
sp_06,scen_07,4,4,1,0
sp_06,scen_07,5,4,1,0
sp_06,scen_07,6,4,1,0
sp_06,scen_07,7,4,1,0
sp_06,scen_07,8,4,1,0
sp_06,scen_07,9,4,1,0
sp_06,scen_07,10,4,1,0
sp_06,scen_07,11,4,1,0
sp_06,scen_07,12,4,1,0
sp_06,scen_07,13,4,1,0
sp_06,scen_07,14,4,1,0
sp_06,scen_07,15,4,1,0
sp_06,scen_07,16,4,1,0
sp_06,scen_07,17,4,1,0
sp_06,scen_07,18,4,1,0
sp_06,scen_07,19,4,1,0
sp_06,scen_07,20,4,1,0
sp_06,scen_07,21,4,1,0
sp_06,scen_07,22,4,1,0
sp_06,scen_07,23,4,1,0
sp_07,scen_07,0,3,1,0
sp_07,scen_07,1,3,1,0
sp_07,scen_07,2,3,1,0
sp_07,scen_07,3,3,1,0
sp_07,scen_07,4,3,1,0
sp_07,scen_07,5,3,1,0
sp_07,scen_07,6,3,1,0
sp_07,scen_07,7,3,1,0
sp_07,scen_07,8,3,1,0
sp_07,scen_07,9,3,1,0
sp_07,scen_07,10,3,1,0
sp_07,scen_07,11,3,0,1
sp_07,scen_07,12,3,1,0
sp_07,scen_07,13,3,1,0
sp_07,scen_07,14,3,1,0
sp_07,scen_07,15,3,1,0
sp_07,scen_07,16,3,1,0
sp_07,scen_07,17,3,1,0
sp_07,scen_07,18,3,1,0
sp_07,scen_07,19,3,1,0
sp_07,scen_07,20,3,1,0
sp_07,scen_07,21,3,1,0
sp_07,scen_07,22,3,1,0
sp_07,scen_07,23,3,1,0
sp_08,scen_07,0,1,1,0
sp_08,scen_07,1,1,1,0
sp_08,scen_07,2,1,1,0
sp_08,scen_07,3,1,1,0
sp_08,scen_07,4,1,1,0
sp_08,scen_07,5,1,1,0
sp_08,scen_07,6,1,1,0
sp_08,scen_07,7,1,1,0
sp_08,scen_07,8,1,1,0
sp_08,scen_07,9,1,1,0
sp_08,scen_07,10,1,1,0
sp_08,scen_07,11,1,1,0
sp_08,scen_07,12,1,1,0
sp_08,scen_07,13,1,1,0
sp_08,scen_07,14,1,1,0
sp_08,scen_07,15,1,1,0
sp_08,scen_07,16,1,1,0
sp_08,scen_07,17,1,1,0
sp_08,scen_07,18,1,1,0
sp_08,scen_07,19,1,1,0
sp_08,scen_07,20,1,1,0
sp_08,scen_07,21,1,1,0
sp_08,scen_07,22,1,1,0
sp_08,scen_07,23,1,1,0
sp_09,scen_07,0,1,1,0
sp_09,scen_07,1,1,1,0
sp_09,scen_07,2,1,1,0
sp_09,scen_07,3,1,1,0
sp_09,scen_07,4,1,1,0
sp_09,scen_07,5,1,1,0
sp_09,scen_07,6,1,1,0
sp_09,scen_07,7,1,1,0
sp_09,scen_07,8,1,1,0
sp_09,scen_07,9,1,1,0
sp_09,scen_07,10,1,1,0
sp_09,scen_07,11,1,1,0
sp_09,scen_07,12,1,1,0
sp_09,scen_07,13,1,1,0
sp_09,scen_07,14,1,1,0
sp_09,scen_07,15,1,1,0
sp_09,scen_07,16,1,1,0
sp_09,scen_07,17,1,1,0
sp_09,scen_07,18,1,1,0
sp_09,scen_07,19,1,1,0
sp_09,scen_07,20,1,1,0
sp_09,scen_07,21,1,1,0
sp_09,scen_07,22,1,1,0
sp_09,scen_07,23,1,1,0
sp_10,scen_07,0,1,1,0
sp_10,scen_07,1,1,1,0
sp_10,scen_07,2,1,1,0
sp_10,scen_07,3,1,1,0
sp_10,scen_07,4,1,1,0
sp_10,scen_07,5,1,1,0
sp_10,scen_07,6,1,1,0
sp_10,scen_07,7,1,1,0
sp_10,scen_07,8,1,1,0
sp_10,scen_07,9,1,1,0
sp_10,scen_07,10,1,1,0
sp_10,scen_07,11,1,1,0
sp_10,scen_07,12,1,1,0
sp_10,scen_07,13,1,1,0
sp_10,scen_07,14,1,0,1
sp_10,scen_07,15,1,1,0
sp_10,scen_07,16,1,0,1
sp_10,scen_07,17,1,1,0
sp_10,scen_07,18,1,0,1
sp_10,scen_07,19,1,0,1
sp_10,scen_07,20,1,1,0
sp_10,scen_07,21,1,1,0
sp_10,scen_07,22,1,1,0
sp_10,scen_07,23,1,1,0
sp_11,scen_07,0,0,1,0
sp_11,scen_07,1,0,1,0
sp_11,scen_07,2,0,1,0
sp_11,scen_07,3,0,1,0
sp_11,scen_07,4,0,1,0
sp_11,scen_07,5,0,1,0
sp_11,scen_07,6,0,1,0
sp_11,scen_07,7,0,1,0
sp_11,scen_07,8,0,1,0
sp_11,scen_07,9,0,1,0
sp_11,scen_07,10,0,1,0
sp_11,scen_07,11,0,1,0
sp_11,scen_07,12,0,1,0
sp_11,scen_07,13,0,1,0
sp_11,scen_07,14,0,1,0
sp_11,scen_07,15,0,1,0
sp_11,scen_07,16,0,1,0
sp_11,scen_07,17,0,1,0
sp_11,scen_07,18,0,1,0
sp_11,scen_07,19,0,1,0
sp_11,scen_07,20,0,1,0
sp_11,scen_07,21,0,1,0
sp_11,scen_07,22,0,1,0
sp_11,scen_07,23,0,1,0
sp_00,scen_08,0,0,1,0
sp_00,scen_08,1,0,1,0
sp_00,scen_08,2,0,1,0
sp_00,scen_08,3,0,1,0
sp_00,scen_08,4,0,1,0
sp_00,scen_08,5,0,1,0
sp_00,scen_08,6,0,1,0
sp_00,scen_08,7,0,1,0
sp_00,scen_08,8,0,1,0
sp_00,scen_08,9,0,1,0
sp_00,scen_08,10,0,1,0
sp_00,scen_08,11,0,1,0
sp_00,scen_08,12,0,1,0
sp_00,scen_08,13,0,1,0
sp_00,scen_08,14,0,1,0
sp_00,scen_08,15,0,1,0
sp_00,scen_08,16,0,1,0
sp_00,scen_08,17,0,1,0
sp_00,scen_08,18,0,1,0
sp_00,scen_08,19,0,1,0
sp_00,scen_08,20,0,1,0
sp_00,scen_08,21,0,1,0
sp_00,scen_08,22,0,1,0
sp_00,scen_08,23,0,1,0
sp_01,scen_08,0,2,1,0
sp_01,scen_08,1,2,1,0
sp_01,scen_08,2,2,1,0
sp_01,scen_08,3,2,1,0
sp_01,scen_08,4,2,1,0
sp_01,scen_08,5,2,1,0
sp_01,scen_08,6,2,1,0
sp_01,scen_08,7,2,1,0
sp_01,scen_08,8,2,1,0
sp_01,scen_08,9,2,1,0
sp_01,scen_08,10,2,1,0
sp_01,scen_08,11,2,1,0
sp_01,scen_08,12,2,1,0
sp_01,scen_08,13,2,1,0
sp_01,scen_08,14,2,1,0
sp_01,scen_08,15,2,1,0
sp_01,scen_08,16,2,1,0
sp_01,scen_08,17,2,1,0
sp_01,scen_08,18,2,1,0
sp_01,scen_08,19,2,1,0
sp_01,scen_08,20,2,1,0
sp_01,scen_08,21,2,1,0
sp_01,scen_08,22,2,1,0
sp_01,scen_08,23,2,1,0
sp_02,scen_08,0,0,1,0
sp_02,scen_08,1,0,1,0
sp_02,scen_08,2,0,1,0
sp_02,scen_08,3,0,1,0
sp_02,scen_08,4,0,1,0
sp_02,scen_08,5,0,1,0
sp_02,scen_08,6,0,1,0
sp_02,scen_08,7,0,1,0
sp_02,scen_08,8,0,1,0
sp_02,scen_08,9,0,1,0
sp_02,scen_08,10,0,1,0
sp_02,scen_08,11,0,1,0
sp_02,scen_08,12,0,1,0
sp_02,scen_08,13,0,1,0
sp_02,scen_08,14,0,1,0
sp_02,scen_08,15,0,1,0
sp_02,scen_08,16,0,1,0
sp_02,scen_08,17,0,1,0
sp_02,scen_08,18,0,1,0
sp_02,scen_08,19,0,1,0
sp_02,scen_08,20,0,1,0
sp_02,scen_08,21,0,1,0
sp_02,scen_08,22,0,1,0
sp_02,scen_08,23,0,1,0
sp_03,scen_08,0,3,1,0
sp_03,scen_08,1,3,1,0
sp_03,scen_08,2,3,1,0
sp_03,scen_08,3,3,1,0
sp_03,scen_08,4,3,1,0
sp_03,scen_08,5,3,1,0
sp_03,scen_08,6,3,1,0
sp_03,scen_08,7,3,1,0
sp_03,scen_08,8,3,1,0
sp_03,scen_08,9,3,1,0
sp_03,scen_08,10,3,1,0
sp_03,scen_08,11,3,1,0
sp_03,scen_08,12,3,1,0
sp_03,scen_08,13,3,1,0
sp_03,scen_08,14,3,1,0
sp_03,scen_08,15,3,1,0
sp_03,scen_08,16,3,1,0
sp_03,scen_08,17,3,1,0
sp_03,scen_08,18,3,1,0
sp_03,scen_08,19,3,1,0
sp_03,scen_08,20,3,1,0
sp_03,scen_08,21,3,1,0
sp_03,scen_08,22,3,1,0
sp_03,scen_08,23,3,1,0
sp_04,scen_08,0,0,1,0
sp_04,scen_08,1,0,1,0
sp_04,scen_08,2,0,1,0
sp_04,scen_08,3,0,1,0
sp_04,scen_08,4,0,1,0
sp_04,scen_08,5,0,1,0
sp_04,scen_08,6,0,1,0
sp_04,scen_08,7,0,1,0
sp_04,scen_08,8,0,1,0
sp_04,scen_08,9,0,1,0
sp_04,scen_08,10,0,1,0
sp_04,scen_08,11,0,1,0
sp_04,scen_08,12,0,1,0
sp_04,scen_08,13,0,1,0
sp_04,scen_08,14,0,1,0
sp_04,scen_08,15,0,1,0
sp_04,scen_08,16,0,1,0
sp_04,scen_08,17,0,1,0
sp_04,scen_08,18,0,1,0
sp_04,scen_08,19,0,1,0
sp_04,scen_08,20,0,1,0
sp_04,scen_08,21,0,1,0
sp_04,scen_08,22,0,1,0
sp_04,scen_08,23,0,1,0
sp_05,scen_08,0,3,1,0
sp_05,scen_08,1,3,1,0
sp_05,scen_08,2,3,1,0
sp_05,scen_08,3,3,1,0
sp_05,scen_08,4,3,1,0
sp_05,scen_08,5,3,1,0
sp_05,scen_08,6,3,1,0
sp_05,scen_08,7,3,1,0
sp_05,scen_08,8,3,1,0
sp_05,scen_08,9,3,1,0
sp_05,scen_08,10,3,1,0
sp_05,scen_08,11,3,1,0
sp_05,scen_08,12,3,1,0
sp_05,scen_08,13,3,1,0
sp_05,scen_08,14,3,1,0
sp_05,scen_08,15,3,1,0
sp_05,scen_08,16,3,1,0
sp_05,scen_08,17,3,1,0
sp_05,scen_08,18,3,1,0
sp_05,scen_08,19,3,1,0
sp_05,scen_08,20,3,1,0
sp_05,scen_08,21,3,1,0
sp_05,scen_08,22,3,1,0
sp_05,scen_08,23,3,1,0
sp_06,scen_08,0,4,1,0
sp_06,scen_08,1,4,1,0
sp_06,scen_08,2,4,1,0
sp_06,scen_08,3,4,1,0
sp_06,scen_08,4,4,1,0
sp_06,scen_08,5,4,1,0
sp_06,scen_08,6,4,1,0
sp_06,scen_08,7,4,1,0
sp_06,scen_08,8,4,1,0
sp_06,scen_08,9,4,1,0
sp_06,scen_08,10,4,1,0
sp_06,scen_08,11,4,1,0
sp_06,scen_08,12,4,1,0
sp_06,scen_08,13,4,1,0
sp_06,scen_08,14,4,1,0
sp_06,scen_08,15,4,1,0
sp_06,scen_08,16,4,1,0
sp_06,scen_08,17,4,1,0
sp_06,scen_08,18,4,1,0
sp_06,scen_08,19,4,1,0
sp_06,scen_08,20,4,1,0
sp_06,scen_08,21,4,1,0
sp_06,scen_08,22,4,1,0
sp_06,scen_08,23,4,1,0
sp_07,scen_08,0,3,1,0
sp_07,scen_08,1,3,1,0
sp_07,scen_08,2,3,1,0
sp_07,scen_08,3,3,1,0
sp_07,scen_08,4,3,1,0
sp_07,scen_08,5,3,1,0
sp_07,scen_08,6,3,1,0
sp_07,scen_08,7,3,1,0
sp_07,scen_08,8,3,1,0
sp_07,scen_08,9,3,1,0
sp_07,scen_08,10,3,1,0
sp_07,scen_08,11,3,1,0
sp_07,scen_08,12,3,1,0
sp_07,scen_08,13,3,1,0
sp_07,scen_08,14,3,1,0
sp_07,scen_08,15,3,1,0
sp_07,scen_08,16,3,1,0
sp_07,scen_08,17,3,1,0
sp_07,scen_08,18,3,1,0
sp_07,scen_08,19,3,1,0
sp_07,scen_08,20,3,1,0
sp_07,scen_08,21,3,1,0
sp_07,scen_08,22,3,1,0
sp_07,scen_08,23,3,1,0
sp_08,scen_08,0,1,1,0
sp_08,scen_08,1,1,1,0
sp_08,scen_08,2,1,1,0
sp_08,scen_08,3,1,1,0
sp_08,scen_08,4,1,1,0
sp_08,scen_08,5,1,1,0
sp_08,scen_08,6,1,1,0
sp_08,scen_08,7,1,1,0
sp_08,scen_08,8,1,1,0
sp_08,scen_08,9,1,1,0
sp_08,scen_08,10,1,1,0
sp_08,scen_08,11,1,1,0
sp_08,scen_08,12,1,1,0
sp_08,scen_08,13,1,1,0
sp_08,scen_08,14,1,1,0
sp_08,scen_08,15,1,1,0
sp_08,scen_08,16,1,1,0
sp_08,scen_08,17,1,1,0
sp_08,scen_08,18,1,1,0
sp_08,scen_08,19,1,1,0
sp_08,scen_08,20,1,1,0
sp_08,scen_08,21,1,1,0
sp_08,scen_08,22,1,1,0
sp_08,scen_08,23,1,1,0
sp_09,scen_08,0,1,1,0
sp_09,scen_08,1,1,0,1
sp_09,scen_08,2,1,1,0
sp_09,scen_08,3,1,1,0
sp_09,scen_08,4,1,1,0
sp_09,scen_08,5,1,1,0
sp_09,scen_08,6,1,1,0
sp_09,scen_08,7,1,1,0
sp_09,scen_08,8,1,1,0
sp_09,scen_08,9,1,1,0
sp_09,scen_08,10,1,1,0
sp_09,scen_08,11,1,1,0
sp_09,scen_08,12,1,1,0
sp_09,scen_08,13,1,1,0
sp_09,scen_08,14,1,0,1
sp_09,scen_08,15,1,0,1
sp_09,scen_08,16,1,0,1
sp_09,scen_08,17,1,1,0
sp_09,scen_08,18,1,1,0
sp_09,scen_08,19,1,1,0
sp_09,scen_08,20,1,1,0
sp_09,scen_08,21,1,1,0
sp_09,scen_08,22,1,1,0
sp_09,scen_08,23,1,1,0
sp_10,scen_08,0,1,1,0
sp_10,scen_08,1,1,1,0
sp_10,scen_08,2,1,1,0
sp_10,scen_08,3,1,1,0
sp_10,scen_08,4,1,1,0
sp_10,scen_08,5,1,1,0
sp_10,scen_08,6,1,1,0
sp_10,scen_08,7,1,1,0
sp_10,scen_08,8,1,1,0
sp_10,scen_08,9,1,1,0
sp_10,scen_08,10,1,1,0
sp_10,scen_08,11,1,1,0
sp_10,scen_08,12,1,1,0
sp_10,scen_08,13,1,1,0
sp_10,scen_08,14,1,1,0
sp_10,scen_08,15,1,1,0
sp_10,scen_08,16,1,1,0
sp_10,scen_08,17,1,1,0
sp_10,scen_08,18,1,1,0
sp_10,scen_08,19,1,1,0
sp_10,scen_08,20,1,1,0
sp_10,scen_08,21,1,1,0
sp_10,scen_08,22,1,1,0
sp_10,scen_08,23,1,1,0
sp_11,scen_08,0,0,1,0
sp_11,scen_08,1,0,1,0
sp_11,scen_08,2,0,1,0
sp_11,scen_08,3,0,1,0
sp_11,scen_08,4,0,1,0
sp_11,scen_08,5,0,1,0
sp_11,scen_08,6,0,1,0
sp_11,scen_08,7,0,1,0
sp_11,scen_08,8,0,1,0
sp_11,scen_08,9,0,1,0
sp_11,scen_08,10,0,1,0
sp_11,scen_08,11,0,1,0
sp_11,scen_08,12,0,1,0
sp_11,scen_08,13,0,1,0
sp_11,scen_08,14,0,1,0
sp_11,scen_08,15,0,1,0
sp_11,scen_08,16,0,1,0
sp_11,scen_08,17,0,1,0
sp_11,scen_08,18,0,1,0
sp_11,scen_08,19,0,1,0
sp_11,scen_08,20,0,1,0
sp_11,scen_08,21,0,1,0
sp_11,scen_08,22,0,1,0
sp_11,scen_08,23,0,1,0
sp_00,scen_09,0,0,1,0
sp_00,scen_09,1,0,1,0
sp_00,scen_09,2,0,1,0
sp_00,scen_09,3,0,1,0
sp_00,scen_09,4,0,1,0
sp_00,scen_09,5,0,1,0
sp_00,scen_09,6,0,1,0
sp_00,scen_09,7,0,1,0
sp_00,scen_09,8,0,1,0
sp_00,scen_09,9,0,1,0
sp_00,scen_09,10,0,1,0
sp_00,scen_09,11,0,1,0
sp_00,scen_09,12,0,1,0
sp_00,scen_09,13,0,1,0
sp_00,scen_09,14,0,1,0
sp_00,scen_09,15,0,1,0
sp_00,scen_09,16,0,1,0
sp_00,scen_09,17,0,1,0
sp_00,scen_09,18,0,1,0
sp_00,scen_09,19,0,1,0
sp_00,scen_09,20,0,1,0
sp_00,scen_09,21,0,1,0
sp_00,scen_09,22,0,1,0
sp_00,scen_09,23,0,1,0
sp_01,scen_09,0,2,1,0
sp_01,scen_09,1,2,1,0
sp_01,scen_09,2,2,1,0
sp_01,scen_09,3,2,1,0
sp_01,scen_09,4,2,1,0
sp_01,scen_09,5,2,1,0
sp_01,scen_09,6,2,1,0
sp_01,scen_09,7,2,1,0
sp_01,scen_09,8,2,1,0
sp_01,scen_09,9,2,1,0
sp_01,scen_09,10,2,1,0
sp_01,scen_09,11,2,1,0
sp_01,scen_09,12,2,1,0
sp_01,scen_09,13,2,1,0
sp_01,scen_09,14,2,1,0
sp_01,scen_09,15,2,1,0
sp_01,scen_09,16,2,1,0
sp_01,scen_09,17,2,1,0
sp_01,scen_09,18,2,1,0
sp_01,scen_09,19,2,1,0
sp_01,scen_09,20,2,1,0
sp_01,scen_09,21,2,1,0
sp_01,scen_09,22,2,1,0
sp_01,scen_09,23,2,1,0
sp_02,scen_09,0,0,1,0
sp_02,scen_09,1,0,1,0
sp_02,scen_09,2,0,1,0
sp_02,scen_09,3,0,1,0
sp_02,scen_09,4,0,1,0
sp_02,scen_09,5,0,1,0
sp_02,scen_09,6,0,1,0
sp_02,scen_09,7,0,1,0
sp_02,scen_09,8,0,1,0
sp_02,scen_09,9,0,1,0
sp_02,scen_09,10,0,1,0
sp_02,scen_09,11,0,1,0
sp_02,scen_09,12,0,1,0
sp_02,scen_09,13,0,1,0
sp_02,scen_09,14,0,1,0
sp_02,scen_09,15,0,1,0
sp_02,scen_09,16,0,0,1
sp_02,scen_09,17,0,1,0
sp_02,scen_09,18,0,1,0
sp_02,scen_09,19,0,1,0
sp_02,scen_09,20,0,0,1
sp_02,scen_09,21,0,0,1
sp_02,scen_09,22,0,1,0
sp_02,scen_09,23,0,0,1
sp_03,scen_09,0,3,1,0
sp_03,scen_09,1,3,1,0
sp_03,scen_09,2,3,1,0
sp_03,scen_09,3,3,1,0
sp_03,scen_09,4,3,1,0
sp_03,scen_09,5,3,1,0
sp_03,scen_09,6,3,1,0
sp_03,scen_09,7,3,1,0
sp_03,scen_09,8,3,1,0
sp_03,scen_09,9,3,1,0
sp_03,scen_09,10,3,1,0
sp_03,scen_09,11,3,1,0
sp_03,scen_09,12,3,1,0
sp_03,scen_09,13,3,1,0
sp_03,scen_09,14,3,1,0
sp_03,scen_09,15,3,1,0
sp_03,scen_09,16,3,1,0
sp_03,scen_09,17,3,1,0
sp_03,scen_09,18,3,1,0
sp_03,scen_09,19,3,1,0
sp_03,scen_09,20,3,1,0
sp_03,scen_09,21,3,1,0
sp_03,scen_09,22,3,1,0
sp_03,scen_09,23,3,1,0
sp_04,scen_09,0,0,1,0
sp_04,scen_09,1,0,1,0
sp_04,scen_09,2,0,1,0
sp_04,scen_09,3,0,1,0
sp_04,scen_09,4,0,1,0
sp_04,scen_09,5,0,1,0
sp_04,scen_09,6,0,1,0
sp_04,scen_09,7,0,1,0
sp_04,scen_09,8,0,1,0
sp_04,scen_09,9,0,1,0
sp_04,scen_09,10,0,1,0
sp_04,scen_09,11,0,1,0
sp_04,scen_09,12,0,1,0
sp_04,scen_09,13,0,1,0
sp_04,scen_09,14,0,1,0
sp_04,scen_09,15,0,1,0
sp_04,scen_09,16,0,1,0
sp_04,scen_09,17,0,1,0
sp_04,scen_09,18,0,1,0
sp_04,scen_09,19,0,1,0
sp_04,scen_09,20,0,1,0
sp_04,scen_09,21,0,1,0
sp_04,scen_09,22,0,1,0
sp_04,scen_09,23,0,1,0
sp_05,scen_09,0,3,1,0
sp_05,scen_09,1,3,1,0
sp_05,scen_09,2,3,1,0
sp_05,scen_09,3,3,1,0
sp_05,scen_09,4,3,1,0
sp_05,scen_09,5,3,1,0
sp_05,scen_09,6,3,1,0
sp_05,scen_09,7,3,1,0
sp_05,scen_09,8,3,1,0
sp_05,scen_09,9,3,1,0
sp_05,scen_09,10,3,1,0
sp_05,scen_09,11,3,1,0
sp_05,scen_09,12,3,1,0
sp_05,scen_09,13,3,1,0
sp_05,scen_09,14,3,1,0
sp_05,scen_09,15,3,1,0
sp_05,scen_09,16,3,1,0
sp_05,scen_09,17,3,1,0
sp_05,scen_09,18,3,1,0
sp_05,scen_09,19,3,1,0
sp_05,scen_09,20,3,1,0
sp_05,scen_09,21,3,1,0
sp_05,scen_09,22,3,1,0
sp_05,scen_09,23,3,1,0
sp_06,scen_09,0,4,1,0
sp_06,scen_09,1,4,1,0
sp_06,scen_09,2,4,1,0
sp_06,scen_09,3,4,1,0
sp_06,scen_09,4,4,1,0
sp_06,scen_09,5,4,1,0
sp_06,scen_09,6,4,1,0
sp_06,scen_09,7,4,1,0
sp_06,scen_09,8,4,1,0
sp_06,scen_09,9,4,1,0
sp_06,scen_09,10,4,1,0
sp_06,scen_09,11,4,1,0
sp_06,scen_09,12,4,1,0
sp_06,scen_09,13,4,1,0
sp_06,scen_09,14,4,1,0
sp_06,scen_09,15,4,1,0
sp_06,scen_09,16,4,1,0
sp_06,scen_09,17,4,1,0
sp_06,scen_09,18,4,1,0
sp_06,scen_09,19,4,1,0
sp_06,scen_09,20,4,1,0
sp_06,scen_09,21,4,1,0
sp_06,scen_09,22,4,1,0
sp_06,scen_09,23,4,1,0
sp_07,scen_09,0,3,1,0
sp_07,scen_09,1,3,1,0
sp_07,scen_09,2,3,1,0
sp_07,scen_09,3,3,1,0
sp_07,scen_09,4,3,1,0
sp_07,scen_09,5,3,1,0
sp_07,scen_09,6,3,1,0
sp_07,scen_09,7,3,1,0
sp_07,scen_09,8,3,1,0
sp_07,scen_09,9,3,1,0
sp_07,scen_09,10,3,1,0
sp_07,scen_09,11,3,1,0
sp_07,scen_09,12,3,1,0
sp_07,scen_09,13,3,1,0
sp_07,scen_09,14,3,1,0
sp_07,scen_09,15,3,1,0
sp_07,scen_09,16,3,1,0
sp_07,scen_09,17,3,1,0
sp_07,scen_09,18,3,1,0
sp_07,scen_09,19,3,1,0
sp_07,scen_09,20,3,1,0
sp_07,scen_09,21,3,1,0
sp_07,scen_09,22,3,1,0
sp_07,scen_09,23,3,1,0
sp_08,scen_09,0,1,1,0
sp_08,scen_09,1,1,1,0
sp_08,scen_09,2,1,1,0
sp_08,scen_09,3,1,1,0
sp_08,scen_09,4,1,1,0
sp_08,scen_09,5,1,1,0
sp_08,scen_09,6,1,1,0
sp_08,scen_09,7,1,1,0
sp_08,scen_09,8,1,1,0
sp_08,scen_09,9,1,1,0
sp_08,scen_09,10,1,1,0
sp_08,scen_09,11,1,1,0
sp_08,scen_09,12,1,1,0
sp_08,scen_09,13,1,1,0
sp_08,scen_09,14,1,1,0
sp_08,scen_09,15,1,1,0
sp_08,scen_09,16,1,1,0
sp_08,scen_09,17,1,1,0
sp_08,scen_09,18,1,1,0
sp_08,scen_09,19,1,1,0
sp_08,scen_09,20,1,1,0
sp_08,scen_09,21,1,1,0
sp_08,scen_09,22,1,1,0
sp_08,scen_09,23,1,1,0
sp_09,scen_09,0,1,1,0
sp_09,scen_09,1,1,1,0
sp_09,scen_09,2,1,1,0
sp_09,scen_09,3,1,1,0
sp_09,scen_09,4,1,1,0
sp_09,scen_09,5,1,1,0
sp_09,scen_09,6,1,1,0
sp_09,scen_09,7,1,1,0
sp_09,scen_09,8,1,1,0
sp_09,scen_09,9,1,1,0
sp_09,scen_09,10,1,1,0
sp_09,scen_09,11,1,1,0
sp_09,scen_09,12,1,1,0
sp_09,scen_09,13,1,1,0
sp_09,scen_09,14,1,1,0
sp_09,scen_09,15,1,1,0
sp_09,scen_09,16,1,1,0
sp_09,scen_09,17,1,1,0
sp_09,scen_09,18,1,1,0
sp_09,scen_09,19,1,1,0
sp_09,scen_09,20,1,1,0
sp_09,scen_09,21,1,1,0
sp_09,scen_09,22,1,1,0
sp_09,scen_09,23,1,1,0
sp_10,scen_09,0,1,1,0
sp_10,scen_09,1,1,1,0
sp_10,scen_09,2,1,1,0
sp_10,scen_09,3,1,1,0
sp_10,scen_09,4,1,1,0
sp_10,scen_09,5,1,1,0
sp_10,scen_09,6,1,1,0
sp_10,scen_09,7,1,1,0
sp_10,scen_09,8,1,1,0
sp_10,scen_09,9,1,1,0
sp_10,scen_09,10,1,1,0
sp_10,scen_09,11,1,1,0
sp_10,scen_09,12,1,1,0
sp_10,scen_09,13,1,1,0
sp_10,scen_09,14,1,1,0
sp_10,scen_09,15,1,1,0
sp_10,scen_09,16,1,1,0
sp_10,scen_09,17,1,1,0
sp_10,scen_09,18,1,1,0
sp_10,scen_09,19,1,1,0
sp_10,scen_09,20,1,1,0
sp_10,scen_09,21,1,1,0
sp_10,scen_09,22,1,1,0
sp_10,scen_09,23,1,1,0
sp_11,scen_09,0,0,1,0
sp_11,scen_09,1,0,1,0
sp_11,scen_09,2,0,1,0
sp_11,scen_09,3,0,1,0
sp_11,scen_09,4,0,1,0
sp_11,scen_09,5,0,1,0
sp_11,scen_09,6,0,1,0
sp_11,scen_09,7,0,1,0
sp_11,scen_09,8,0,1,0
sp_11,scen_09,9,0,1,0
sp_11,scen_09,10,0,1,0
sp_11,scen_09,11,0,1,0
sp_11,scen_09,12,0,1,0
sp_11,scen_09,13,0,1,0
sp_11,scen_09,14,0,1,0
sp_11,scen_09,15,0,1,0
sp_11,scen_09,16,0,1,0
sp_11,scen_09,17,0,1,0
sp_11,scen_09,18,0,1,0
sp_11,scen_09,19,0,1,0
sp_11,scen_09,20,0,1,0
sp_11,scen_09,21,0,1,0
sp_11,scen_09,22,0,1,0
sp_11,scen_09,23,0,1,0
sp_00,scen_10,0,0,1,0
sp_00,scen_10,1,0,1,0
sp_00,scen_10,2,0,1,0
sp_00,scen_10,3,0,1,0
sp_00,scen_10,4,0,1,0
sp_00,scen_10,5,0,1,0
sp_00,scen_10,6,0,1,0
sp_00,scen_10,7,0,1,0
sp_00,scen_10,8,0,1,0
sp_00,scen_10,9,0,1,0
sp_00,scen_10,10,0,1,0
sp_00,scen_10,11,0,1,0
sp_00,scen_10,12,0,1,0
sp_00,scen_10,13,0,1,0
sp_00,scen_10,14,0,1,0
sp_00,scen_10,15,0,1,0
sp_00,scen_10,16,0,1,0
sp_00,scen_10,17,0,1,0
sp_00,scen_10,18,0,1,0
sp_00,scen_10,19,0,1,0
sp_00,scen_10,20,0,1,0
sp_00,scen_10,21,0,1,0
sp_00,scen_10,22,0,1,0
sp_00,scen_10,23,0,1,0
sp_01,scen_10,0,2,1,0
sp_01,scen_10,1,2,1,0
sp_01,scen_10,2,2,1,0
sp_01,scen_10,3,2,1,0
sp_01,scen_10,4,2,1,0
sp_01,scen_10,5,2,1,0
sp_01,scen_10,6,2,1,0
sp_01,scen_10,7,2,1,0
sp_01,scen_10,8,2,1,0
sp_01,scen_10,9,2,1,0
sp_01,scen_10,10,2,1,0
sp_01,scen_10,11,2,1,0
sp_01,scen_10,12,2,1,0
sp_01,scen_10,13,2,1,0
sp_01,scen_10,14,2,1,0
sp_01,scen_10,15,2,1,0
sp_01,scen_10,16,2,1,0
sp_01,scen_10,17,2,0,1
sp_01,scen_10,18,2,1,0
sp_01,scen_10,19,2,0,1
sp_01,scen_10,20,2,1,0
sp_01,scen_10,21,2,0,1
sp_01,scen_10,22,2,1,0
sp_01,scen_10,23,2,1,0
sp_02,scen_10,0,0,1,0
sp_02,scen_10,1,0,1,0
sp_02,scen_10,2,0,1,0
sp_02,scen_10,3,0,1,0
sp_02,scen_10,4,0,1,0
sp_02,scen_10,5,0,1,0
sp_02,scen_10,6,0,1,0
sp_02,scen_10,7,0,1,0
sp_02,scen_10,8,0,1,0
sp_02,scen_10,9,0,1,0
sp_02,scen_10,10,0,1,0
sp_02,scen_10,11,0,1,0
sp_02,scen_10,12,0,1,0
sp_02,scen_10,13,0,1,0
sp_02,scen_10,14,0,1,0
sp_02,scen_10,15,0,1,0
sp_02,scen_10,16,0,1,0
sp_02,scen_10,17,0,1,0
sp_02,scen_10,18,0,1,0
sp_02,scen_10,19,0,1,0
sp_02,scen_10,20,0,1,0
sp_02,scen_10,21,0,1,0
sp_02,scen_10,22,0,1,0
sp_02,scen_10,23,0,1,0
sp_03,scen_10,0,3,1,0
sp_03,scen_10,1,3,1,0
sp_03,scen_10,2,3,1,0
sp_03,scen_10,3,3,1,0
sp_03,scen_10,4,3,1,0
sp_03,scen_10,5,3,1,0
sp_03,scen_10,6,3,1,0
sp_03,scen_10,7,3,1,0
sp_03,scen_10,8,3,1,0
sp_03,scen_10,9,3,1,0
sp_03,scen_10,10,3,1,0
sp_03,scen_10,11,3,1,0
sp_03,scen_10,12,3,1,0
sp_03,scen_10,13,3,1,0
sp_03,scen_10,14,3,1,0
sp_03,scen_10,15,3,1,0
sp_03,scen_10,16,3,1,0
sp_03,scen_10,17,3,1,0
sp_03,scen_10,18,3,1,0
sp_03,scen_10,19,3,1,0
sp_03,scen_10,20,3,1,0
sp_03,scen_10,21,3,1,0
sp_03,scen_10,22,3,1,0
sp_03,scen_10,23,3,1,0
sp_04,scen_10,0,0,1,0
sp_04,scen_10,1,0,1,0
sp_04,scen_10,2,0,1,0
sp_04,scen_10,3,0,1,0
sp_04,scen_10,4,0,1,0
sp_04,scen_10,5,0,1,0
sp_04,scen_10,6,0,1,0
sp_04,scen_10,7,0,1,0
sp_04,scen_10,8,0,1,0
sp_04,scen_10,9,0,1,0
sp_04,scen_10,10,0,1,0
sp_04,scen_10,11,0,1,0
sp_04,scen_10,12,0,1,0
sp_04,scen_10,13,0,1,0
sp_04,scen_10,14,0,1,0
sp_04,scen_10,15,0,1,0
sp_04,scen_10,16,0,1,0
sp_04,scen_10,17,0,1,0
sp_04,scen_10,18,0,1,0
sp_04,scen_10,19,0,1,0
sp_04,scen_10,20,0,1,0
sp_04,scen_10,21,0,1,0
sp_04,scen_10,22,0,1,0
sp_04,scen_10,23,0,1,0
sp_05,scen_10,0,3,1,0
sp_05,scen_10,1,3,1,0
sp_05,scen_10,2,3,1,0
sp_05,scen_10,3,3,1,0
sp_05,scen_10,4,3,1,0
sp_05,scen_10,5,3,1,0
sp_05,scen_10,6,3,1,0
sp_05,scen_10,7,3,1,0
sp_05,scen_10,8,3,1,0
sp_05,scen_10,9,3,1,0
sp_05,scen_10,10,3,1,0
sp_05,scen_10,11,3,1,0
sp_05,scen_10,12,3,1,0
sp_05,scen_10,13,3,1,0
sp_05,scen_10,14,3,1,0
sp_05,scen_10,15,3,1,0
sp_05,scen_10,16,3,1,0
sp_05,scen_10,17,3,1,0
sp_05,scen_10,18,3,1,0
sp_05,scen_10,19,3,1,0
sp_05,scen_10,20,3,1,0
sp_05,scen_10,21,3,1,0
sp_05,scen_10,22,3,1,0
sp_05,scen_10,23,3,1,0
sp_06,scen_10,0,4,1,0
sp_06,scen_10,1,4,1,0
sp_06,scen_10,2,4,1,0
sp_06,scen_10,3,4,1,0
sp_06,scen_10,4,4,1,0
sp_06,scen_10,5,4,1,0
sp_06,scen_10,6,4,1,0
sp_06,scen_10,7,4,1,0
sp_06,scen_10,8,4,1,0
sp_06,scen_10,9,4,1,0
sp_06,scen_10,10,4,1,0
sp_06,scen_10,11,4,1,0
sp_06,scen_10,12,4,1,0
sp_06,scen_10,13,4,0,1
sp_06,scen_10,14,4,1,0
sp_06,scen_10,15,4,1,0
sp_06,scen_10,16,4,0,1
sp_06,scen_10,17,4,0,1
sp_06,scen_10,18,4,1,0
sp_06,scen_10,19,4,0,1
sp_06,scen_10,20,4,1,0
sp_06,scen_10,21,4,1,0
sp_06,scen_10,22,4,1,0
sp_06,scen_10,23,4,1,0
sp_07,scen_10,0,3,1,0
sp_07,scen_10,1,3,1,0
sp_07,scen_10,2,3,1,0
sp_07,scen_10,3,3,1,0
sp_07,scen_10,4,3,1,0
sp_07,scen_10,5,3,1,0
sp_07,scen_10,6,3,1,0
sp_07,scen_10,7,3,1,0
sp_07,scen_10,8,3,1,0
sp_07,scen_10,9,3,1,0
sp_07,scen_10,10,3,1,0
sp_07,scen_10,11,3,1,0
sp_07,scen_10,12,3,1,0
sp_07,scen_10,13,3,1,0
sp_07,scen_10,14,3,1,0
sp_07,scen_10,15,3,1,0
sp_07,scen_10,16,3,1,0
sp_07,scen_10,17,3,1,0
sp_07,scen_10,18,3,1,0
sp_07,scen_10,19,3,1,0
sp_07,scen_10,20,3,1,0
sp_07,scen_10,21,3,1,0
sp_07,scen_10,22,3,1,0
sp_07,scen_10,23,3,1,0
sp_08,scen_10,0,1,1,0
sp_08,scen_10,1,1,1,0
sp_08,scen_10,2,1,1,0
sp_08,scen_10,3,1,1,0
sp_08,scen_10,4,1,1,0
sp_08,scen_10,5,1,1,0
sp_08,scen_10,6,1,0,1
sp_08,scen_10,7,1,1,0
sp_08,scen_10,8,1,1,0
sp_08,scen_10,9,1,1,0
sp_08,scen_10,10,1,1,0
sp_08,scen_10,11,1,1,0
sp_08,scen_10,12,1,1,0
sp_08,scen_10,13,1,1,0
sp_08,scen_10,14,1,0,1
sp_08,scen_10,15,1,1,0
sp_08,scen_10,16,1,0,1
sp_08,scen_10,17,1,1,0
sp_08,scen_10,18,1,1,0
sp_08,scen_10,19,1,1,0
sp_08,scen_10,20,1,1,0
sp_08,scen_10,21,1,1,0
sp_08,scen_10,22,1,1,0
sp_08,scen_10,23,1,1,0
sp_09,scen_10,0,1,1,0
sp_09,scen_10,1,1,1,0
sp_09,scen_10,2,1,1,0
sp_09,scen_10,3,1,1,0
sp_09,scen_10,4,1,1,0
sp_09,scen_10,5,1,1,0
sp_09,scen_10,6,1,1,0
sp_09,scen_10,7,1,1,0
sp_09,scen_10,8,1,1,0
sp_09,scen_10,9,1,1,0
sp_09,scen_10,10,1,1,0
sp_09,scen_10,11,1,1,0
sp_09,scen_10,12,1,1,0
sp_09,scen_10,13,1,1,0
sp_09,scen_10,14,1,1,0
sp_09,scen_10,15,1,1,0
sp_09,scen_10,16,1,1,0
sp_09,scen_10,17,1,1,0
sp_09,scen_10,18,1,1,0
sp_09,scen_10,19,1,1,0
sp_09,scen_10,20,1,1,0
sp_09,scen_10,21,1,1,0
sp_09,scen_10,22,1,1,0
sp_09,scen_10,23,1,1,0
sp_10,scen_10,0,1,1,0
sp_10,scen_10,1,1,1,0
sp_10,scen_10,2,1,1,0
sp_10,scen_10,3,1,1,0
sp_10,scen_10,4,1,1,0
sp_10,scen_10,5,1,1,0
sp_10,scen_10,6,1,1,0
sp_10,scen_10,7,1,1,0
sp_10,scen_10,8,1,1,0
sp_10,scen_10,9,1,1,0
sp_10,scen_10,10,1,1,0
sp_10,scen_10,11,1,1,0
sp_10,scen_10,12,1,1,0
sp_10,scen_10,13,1,1,0
sp_10,scen_10,14,1,1,0
sp_10,scen_10,15,1,1,0
sp_10,scen_10,16,1,1,0
sp_10,scen_10,17,1,1,0
sp_10,scen_10,18,1,1,0
sp_10,scen_10,19,1,1,0
sp_10,scen_10,20,1,1,0
sp_10,scen_10,21,1,1,0
sp_10,scen_10,22,1,1,0
sp_10,scen_10,23,1,1,0
sp_11,scen_10,0,0,1,0
sp_11,scen_10,1,0,1,0
sp_11,scen_10,2,0,1,0
sp_11,scen_10,3,0,1,0
sp_11,scen_10,4,0,1,0
sp_11,scen_10,5,0,1,0
sp_11,scen_10,6,0,1,0
sp_11,scen_10,7,0,1,0
sp_11,scen_10,8,0,1,0
sp_11,scen_10,9,0,1,0
sp_11,scen_10,10,0,1,0
sp_11,scen_10,11,0,1,0
sp_11,scen_10,12,0,1,0
sp_11,scen_10,13,0,1,0
sp_11,scen_10,14,0,1,0
sp_11,scen_10,15,0,1,0
sp_11,scen_10,16,0,1,0
sp_11,scen_10,17,0,1,0
sp_11,scen_10,18,0,1,0
sp_11,scen_10,19,0,1,0
sp_11,scen_10,20,0,1,0
sp_11,scen_10,21,0,1,0
sp_11,scen_10,22,0,1,0
sp_11,scen_10,23,0,1,0
